,Year,Year,Year, Planted Acres , Harvested Acres ,Actual Yield, Production , Stocks ,Imports, Total Supply ,Seed," Food, Alcohol & Industrial ", Corn Used for Ethanol , Feed & Residual Usage , All Dom. Use , Exports , Total Usage , Ending Stocks , Free , Reserve , CCC ,Loan,Stock/Use (%),Corn Avg Farm Price,SB Avg Farm Price,SB/Corn P Ratio,Target Price,Loan Rate,Cash/Loan Rate (%),Trend Yield,GDP99 Def,Ind & Alcohol Usage % of Prod.,Feed Usage % of Prod,Ethanol Usage % of Prod.,,Year,Year,Year, Planted Acres , Harvested Acres ,Actual Yield, Production , Stocks ,Imports, Total Supply ,Seed," Food, Alcohol & Industrial ", Corn Used for Ethanol , Feed & Residual Usage , All Dom. Use , Exports , Total Usage , Ending Stocks , Free , Reserve , CCC ,Loan,Stock/Use (%),Corn Avg Farm Price,SB Avg Farm Price,SB/Corn P Ratio,Target Price,Loan Rate,Cash/Loan Rate (%),Trend Yield,GDP99 Def,Ind & Alcohol Usage % of Prod.,Feed Usage % of Prod,,,,Year,Year,Year, Planted Acres , Harvested Acres ,Actual Yield, Production , Stocks ,Imports, Total Supply ,Seed," Food, Alcohol & Industrial ", Corn Used for Ethanol , Feed & Residual Usage , All Dom. Use , Exports , Total Usage , Ending Stocks , Free , Reserve , CCC ,Loan,Stock/Use (%),Corn Avg Farm Price,SB Avg Farm Price,SB/Corn P Ratio,Target Price,Loan Rate,Cash/Loan Rate (%),Trend Yield,GDP99 Def,Ind & Alcohol Usage % of Prod.,Feed Usage % of Prod
,1929,29,29,"  99,130 ","  97,805 ",25.7,,,,,,,,,,,,,,,,,,$0.80 ,,,,,,,,,,,,1929,29,29,"  99,130 ","  97,805 ",25.7,,,,,,,,,,,,,,,,,,$0.80 ,,,,,,,,,,,,,1929,29,29,"  99,130 ","  97,805 ",25.7,,,,,,,,,,,,,,,,,,$0.80 ,,,,,,,,,
,1930,30,30,"  103,915 ","  101,465 ",20.5,,,,,,,,,,,,,,,,,,$0.60 ,,,,,,,,,,,,1930,30,30,"  103,915 ","  101,465 ",20.5,,,,,,,,,,,,,,,,,,$0.60 ,,,,,,,,,,,,,1930,30,30,"  103,915 ","  101,465 ",20.5,,,,,,,,,,,,,,,,,,$0.60 ,,,,,,,,,
,1931,31,31,"  109,364 ","  106,866 ",24.1,,,,,,,,,,,,,,,,,,$0.32 ,,,,,,,,,,,,1931,31,31,"  109,364 ","  106,866 ",24.1,,,,,,,,,,,,,,,,,,$0.32 ,,,,,,,,,,,,,1931,31,31,"  109,364 ","  106,866 ",24.1,,,,,,,,,,,,,,,,,,$0.32 ,,,,,,,,,
,1932,32,32,"  113,024 ","  110,577 ",26.5,,,,,,,,,,,,,,,,,,$0.32 ,,,,,,,,,,,,1932,32,32,"  113,024 ","  110,577 ",26.5,,,,,,,,,,,,,,,,,,$0.32 ,,,,,,,,,,,,,1932,32,32,"  113,024 ","  110,577 ",26.5,,,,,,,,,,,,,,,,,,$0.32 ,,,,,,,,,
,1933,33,33,"  109,830 ","  105,918 ",22.6,,,,,,,,,,,,,,,,,,$0.52 ,,,,,,,,,,,,1933,33,33,"  109,830 ","  105,918 ",22.6,,,,,,,,,,,,,,,,,,$0.52 ,,,,,,,,,,,,,1933,33,33,"  109,830 ","  105,918 ",22.6,,,,,,,,,,,,,,,,,,$0.52 ,,,,,,,,,
,1934,34,34,"  100,563 ","  92,193 ",15.7,,,,,,,,,,,,,,,,,,$0.82 ,,,,,,,,,,,,1934,34,34,"  100,563 ","  92,193 ",15.7,,,,,,,,,,,,,,,,,,$0.82 ,,,,,,,,,,,,,1934,34,34,"  100,563 ","  92,193 ",15.7,,,,,,,,,,,,,,,,,,$0.82 ,,,,,,,,,
,1935,35,35,"  99,974 ","  95,974 ",24.0,,,,,,,,,,,,,,,,,,$0.66 ,,,,,,,,,,,,1935,35,35,"  99,974 ","  95,974 ",24.0,,,,,,,,,,,,,,,,,,$0.66 ,,,,,,,,,,,,,1935,35,35,"  99,974 ","  95,974 ",24.0,,,,,,,,,,,,,,,,,,$0.66 ,,,,,,,,,
,1936,36,36,"  101,959 ","  93,154 ",16.2,,,,,,,,,,,,,,,,,,$1.04 ,,,,,,,,,,,,1936,36,36,"  101,959 ","  93,154 ",16.2,,,,,,,,,,,,,,,,,,$1.04 ,,,,,,,,,,,,,1936,36,36,"  101,959 ","  93,154 ",16.2,,,,,,,,,,,,,,,,,,$1.04 ,,,,,,,,,
,1937,37,37,"  97,174 ","  93,930 ",28.1,,,,,,,,,,,,,,,,,,$0.52 ,,,,,,,,,,,,1937,37,37,"  97,174 ","  93,930 ",28.1,,,,,,,,,,,,,,,,,,$0.52 ,,,,,,,,,,,,,1937,37,37,"  97,174 ","  93,930 ",28.1,,,,,,,,,,,,,,,,,,$0.52 ,,,,,,,,,
,1938,38,38,"  94,473 ","  92,160 ",27.7,,,,,,,,,,,,,,,,,,$0.49 ,,,,,,,,,,,,1938,38,38,"  94,473 ","  92,160 ",27.7,,,,,,,,,,,,,,,,,,$0.49 ,,,,,,,,,,,,,1938,38,38,"  94,473 ","  92,160 ",27.7,,,,,,,,,,,,,,,,,,$0.49 ,,,,,,,,,
,1939,39,39,"  91,639 ","  88,279 ",29.2,,,,,,,,,,,,,,,,,,$0.57 ,,,,,,,,,,,,1939,39,39,"  91,639 ","  88,279 ",29.2,,,,,,,,,,,,,,,,,,$0.57 ,,,,,,,,,,,,,1939,39,39,"  91,639 ","  88,279 ",29.2,,,,,,,,,,,,,,,,,,$0.57 ,,,,,,,,,
,1940,40,40,"  88,692 ","  86,429 ",28.4,,,,,,,,,,,,,,,,,,$0.62 ,,,,,,,,,,,,1940,40,40,"  88,692 ","  86,429 ",28.4,,,,,,,,,,,,,,,,,,$0.62 ,,,,,,,,,,,,,1940,40,40,"  88,692 ","  86,429 ",28.4,,,,,,,,,,,,,,,,,,$0.62 ,,,,,,,,,
,1941,41,41,"  86,837 ","  85,357 ",31.1,,,,,,,,,,,,,,,,,,$0.75 ,,,,,,,,,,,,1941,41,41,"  86,837 ","  85,357 ",31.1,,,,,,,,,,,,,,,,,,$0.75 ,,,,,,,,,,,,,1941,41,41,"  86,837 ","  85,357 ",31.1,,,,,,,,,,,,,,,,,,$0.75 ,,,,,,,,,
,1942,42,42,"  88,818 ","  87,367 ",35.1,,,,,,,,,,,,,,,,,,$0.92 ,,,,,,,,,,,,1942,42,42,"  88,818 ","  87,367 ",35.1,,,,,,,,,,,,,,,,,,$0.92 ,,,,,,,,,,,,,1942,42,42,"  88,818 ","  87,367 ",35.1,,,,,,,,,,,,,,,,,,$0.92 ,,,,,,,,,
,1943,43,43,"  94,341 ","  92,000 ",32.2,,,,,,,,,,,,,,,,,,$1.12 ,,,,,,,,,,,,1943,43,43,"  94,341 ","  92,000 ",32.2,,,,,,,,,,,,,,,,,,$1.12 ,,,,,,,,,,,,,1943,43,43,"  94,341 ","  92,000 ",32.2,,,,,,,,,,,,,,,,,,$1.12 ,,,,,,,,,
,1944,44,44,"  95,475 ","  94,014 ",32.8,,,,,,,,,,,,,,,,,,$1.09 ,,,,,,,,,,,,1944,44,44,"  95,475 ","  94,014 ",32.8,,,,,,,,,,,,,,,,,,$1.09 ,,,,,,,,,,,,,1944,44,44,"  95,475 ","  94,014 ",32.8,,,,,,,,,,,,,,,,,,$1.09 ,,,,,,,,,
,1945,45,45,"  89,727 ","  88,079 ",32.7,,,,,,,,,,,,,,,,,,$1.27 ,,,,,,,,,,,,1945,45,45,"  89,727 ","  88,079 ",32.7,,,,,,,,,,,,,,,,,,$1.27 ,,,,,,,,,,,,,1945,45,45,"  89,727 ","  88,079 ",32.7,,,,,,,,,,,,,,,,,,$1.27 ,,,,,,,,,
,1946,46,46,"  89,788 ","  88,489 ",36.7,,,,,,,,,,,,,,,,,,$1.56 ,,,,,,,,,,,,1946,46,46,"  89,788 ","  88,489 ",36.7,,,,,,,,,,,,,,,,,,$1.56 ,,,,,,,,,,,,,1946,46,46,"  89,788 ","  88,489 ",36.7,,,,,,,,,,,,,,,,,,$1.56 ,,,,,,,,,
,1947,47,47,"  86,108 ","  83,932 ",28.4,,,,,,,,,,,,,,,,,,$2.16 ,,,,,,,,,,,,1947,47,47,"  86,108 ","  83,932 ",28.4,,,,,,,,,,,,,,,,,,$2.16 ,,,,,,,,,,,,,1947,47,47,"  86,108 ","  83,932 ",28.4,,,,,,,,,,,,,,,,,,$2.16 ,,,,,,,,,
,1948,48,48,"  86,828 ","  86,067 ",42.8,,,,,,,,,,,,,,,,,,$1.30 ,,,,,,,,,,,,1948,48,48,"  86,828 ","  86,067 ",42.8,,,,,,,,,,,,,,,,,,$1.30 ,,,,,,,,,,,,,1948,48,48,"  86,828 ","  86,067 ",42.8,,,,,,,,,,,,,,,,,,$1.30 ,,,,,,,,,
,1949,49,49,"  86,738 ","  77,106 ",38.2,,,,,,,,,,,,,,,,,,$1.24 ,,,,,,,,,,,,1949,49,49,"  86,738 ","  77,106 ",38.2,,,,,,,,,,,,,,,,,,$1.24 ,,,,,,,,,,,,,1949,49,49,"  86,738 ","  77,106 ",38.2,,,,,,,,,,,,,,,,,,$1.24 ,,,,,,,,,
,1950,50,50,"  82,859 ","  72,398 ",38.2,,,,,,,,,,,,,,,,,,$1.52 ,,,,,,,,,,,,1950,50,50,"  82,859 ","  72,398 ",38.2,,,,,,,,,,,,,,,,,,$1.52 ,,,,,,,,,,,,,1950,50,50,"  82,859 ","  72,398 ",38.2,,,,,,,,,,,,,,,,,,$1.52 ,,,,,,,,,
,1951,51,51,"  83,275 ","  71,191 ",36.9,,,,,,,,,,,,,,,,,,$1.66 ,,,,,,,,,,,,1951,51,51,"  83,275 ","  71,191 ",36.9,,,,,,,,,,,,,,,,,,$1.66 ,,,,,,,,,,,,,1951,51,51,"  83,275 ","  71,191 ",36.9,,,,,,,,,,,,,,,,,,$1.66 ,,,,,,,,,
,1952,52,52,"  82,230 ","  71,353 ",41.8,,,,,,,,,,,,,,,,,,$1.52 ,,,,,,,,,,,,1952,52,52,"  82,230 ","  71,353 ",41.8,,,,,,,,,,,,,,,,,,$1.52 ,,,,,,,,,,,,,1952,52,52,"  82,230 ","  71,353 ",41.8,,,,,,,,,,,,,,,,,,$1.52 ,,,,,,,,,
,1953,53,53,"  81,574 ","  70,738 ",40.7,,,,,,,,,,,,,,,,,,$1.48 ,,,,,,,,,,,,1953,53,53,"  81,574 ","  70,738 ",40.7,,,,,,,,,,,,,,,,,,$1.48 ,,,,,,,,,,,,,1953,53,53,"  81,574 ","  70,738 ",40.7,,,,,,,,,,,,,,,,,,$1.48 ,,,,,,,,,
,1954,54,54,"  82,185 ","  68,668 ",39.4,,,,,,,,,,,,,,,,,,$1.43 ,,,,,,,,,,,,1954,54,54,"  82,185 ","  68,668 ",39.4,,,,,,,,,,,,,,,,,,$1.43 ,,,,,,,,,,,,,1954,54,54,"  82,185 ","  68,668 ",39.4,,,,,,,,,,,,,,,,,,$1.43 ,,,,,,,,,
,1955,55,55,"  80,932 ","  68,462 ",42.0,,,,,,,,,,,,,,,,,,$1.35 ,,,,,,,,,,,,1955,55,55,"  80,932 ","  68,462 ",42.0,,,,,,,,,,,,,,,,,,$1.35 ,,,,,,,,,,,,,1955,55,55,"  80,932 ","  68,462 ",42.0,,,,,,,,,,,,,,,,,,$1.35 ,,,,,,,,,
,1956,56,56,"  77,828 ","  64,877 ",47.4,,,,,,,,,,,,,,,,,,$1.29 ,,,,,,,,,,,,1956,56,56,"  77,828 ","  64,877 ",47.4,,,,,,,,,,,,,,,,,,$1.29 ,,,,,,,,,,,,,1956,56,56,"  77,828 ","  64,877 ",47.4,,,,,,,,,,,,,,,,,,$1.29 ,,,,,,,,,
,1957,57,57,"  73,180 ","  63,065 ",48.3,,,,,,,,,,,,,,,,,,$1.11 ,,,,,,,,,,,,1957,57,57,"  73,180 ","  63,065 ",48.3,,,,,,,,,,,,,,,,,,$1.11 ,,,,,,,,,,,,,1957,57,57,"  73,180 ","  63,065 ",48.3,,,,,,,,,,,,,,,,,,$1.11 ,,,,,,,,,
,1958,58,58,"  73,351 ","  63,549 ",52.8,,,,,,,,,,,,,,,,,,$1.12 ,,,,,,,,,,,,1958,58,58,"  73,351 ","  63,549 ",52.8,,,,,,,,,,,,,,,,,,$1.12 ,,,,,,,,,,,,,1958,58,58,"  73,351 ","  63,549 ",52.8,,,,,,,,,,,,,,,,,,$1.12 ,,,,,,,,,
,1959,59,59,"  82,742 ","  72,091 ",53.1,,,,,,,,,,,,,,,,,,$1.04 ,,,,,,,,,,,,1959,59,59,"  82,742 ","  72,091 ",53.1,,,,,,,,,,,,,,,,,,$1.04 ,,,,,,,,,,,,,1959,59,59,"  82,742 ","  72,091 ",53.1,,,,,,,,,,,,,,,,,,$1.04 ,,,,,,,,,
,1960,60,60,"  81,711 ","  71,649 ",54.5,,,,,,,,,,,,,,,,,,$1.00 ,,,,,,,21.4,,,,,1960,60,60,"  81,711 ","  71,649 ",54.5,,,,,,,,,,,,,,,,,,$1.00 ,,,,,,,21.4,,,,,,1960,60,60,"  81,711 ","  71,649 ",54.5,,,,,,,,,,,,,,,,,,$1.00 ,,,,,,,21.4,,
,1961,61,61,"  66,771 ","  58,449 ",62.0,,,,,,,,,,,,,,,,,,$1.08 ,,,,,,,21.7,,,,,1961,61,61,"  66,771 ","  58,449 ",62.0,,,,,,,,,,,,,,,,,,$1.08 ,,,,,,,21.7,,,,,,1961,61,61,"  66,771 ","  58,449 ",62.0,,,,,,,,,,,,,,,,,,$1.08 ,,,,,,,21.7,,
,1962,62,62,"  65,750 ","  56,609 ",64.2,,,,,,,,,,,,,,,,,,$1.10 ,,,,,,,22.0,,,,,1962,62,62,"  65,750 ","  56,609 ",64.2,,,,,,,,,,,,,,,,,,$1.10 ,,,,,,,22.0,,,,,,1962,62,62,"  65,750 ","  56,609 ",64.2,,,,,,,,,,,,,,,,,,$1.10 ,,,,,,,22.0,,
,1963,63,63,"  68,771 ","  59,227 ",67.9,,,,,,,,,,,,,,,,,,$1.11 ,,,,,,,22.2,,,,,1963,63,63,"  68,771 ","  59,227 ",67.9,,,,,,,,,,,,,,,,,,$1.11 ,,,,,,,22.2,,,,,,1963,63,63,"  68,771 ","  59,227 ",67.9,,,,,,,,,,,,,,,,,,$1.11 ,,,,,,,22.2,,
,1964,64,64,"  65,823 ","  55,369 ",62.9,,,,,,,,,,,,,,,,,,$1.17 ,,,,,,,22.6,,,,,1964,64,64,"  65,823 ","  55,369 ",62.9,,,,,,,,,,,,,,,,,,$1.17 ,,,,,,,22.6,,,,,,1964,64,64,"  65,823 ","  55,369 ",62.9,,,,,,,,,,,,,,,,,,$1.17 ,,,,,,,22.6,,
,1965,65,65,"  65,171 ","  55,392 ",74.1,,,,,,,,,,,,,,,,,,$1.16 ,,,,,,,23.0,,,,,1965,65,65,"  65,171 ","  55,392 ",74.1,,,,,,,,,,,,,,,,,,$1.16 ,,,,,,,23.0,,,,,,1965,65,65,"  65,171 ","  55,392 ",74.1,,,,,,,,,,,,,,,,,,$1.16 ,,,,,,,23.0,,
,1966,66,66,"  66,347 ","  57,002 ",73.1,,,,,,,,,,,,,,,,,,$1.24 ,,,,,,,23.6,,,,,1966,66,66,"  66,347 ","  57,002 ",73.1,,,,,,,,,,,,,,,,,,$1.24 ,,,,,,,23.6,,,,,,1966,66,66,"  66,347 ","  57,002 ",73.1,,,,,,,,,,,,,,,,,,$1.24 ,,,,,,,23.6,,
,1967,67,67,"  71,156 ","  60,694 ",80.1,,,,,,,,,,,,,,,,,,$1.03 ,,,,,,,24.4,,,,,1967,67,67,"  71,156 ","  60,694 ",80.1,,,,,,,,,,,,,,,,,,$1.03 ,,,,,,,24.4,,,,,,1967,67,67,"  71,156 ","  60,694 ",80.1,,,,,,,,,,,,,,,,,,$1.03 ,,,,,,,24.4,,
,1968,68,68,"  65,126 ","  55,980 ",79.5,,,,,,,,,,,,,,,,,,$1.08 ,,,,,,,25.4,,,,,1968,68,68,"  65,126 ","  55,980 ",79.5,,,,,,,,,,,,,,,,,,$1.08 ,,,,,,,25.4,,,,,,1968,68,68,"  65,126 ","  55,980 ",79.5,,,,,,,,,,,,,,,,,,$1.08 ,,,,,,,25.4,,
,1969,69,69,"  64,264 ","  54,574 ",85.9,,,,,,,,,,,,,,,,,,$1.16 ,,,,,,,26.6,,,,,1969,69,69,"  64,264 ","  54,574 ",85.9,,,,,,,,,,,,,,,,,,$1.16 ,,,,,,,26.6,,,,,,1969,69,69,"  64,264 ","  54,574 ",85.9,,,,,,,,,,,,,,,,,,$1.16 ,,,,,,,26.6,,
,1970,70,70,"  66,863 ","  57,358 ",72.4,,,,,,,,,,,,,,,,,,$1.33 ,,,,,,,28.1,,,,,1970,70,70,"  66,863 ","  57,358 ",72.4,,,,,,,,,,,,,,,,,,$1.33 ,,,,,,,28.1,,,,,,1970,70,70,"  66,863 ","  57,358 ",72.4,,,,,,,,,,,,,,,,,,$1.33 ,,,,,,,28.1,,
,1971,71,71,"  74,179 ","  64,123 ",88.1,,,,,,,,,,,,,,,,,,$1.08 ,,,,,,,29.5,,,,,1971,71,71,"  74,179 ","  64,123 ",88.1,,,,,,,,,,,,,,,,,,$1.08 ,,,,,,,29.5,,,,,,1971,71,71,"  74,179 ","  64,123 ",88.1,,,,,,,,,,,,,,,,,,$1.08 ,,,,,,,29.5,,
,1972,72,72,"  67,126 ","  57,513 ",97.0,,,,,,,,,,,,,,,,,,$1.57 ,,,,,,,30.8,,,,,1972,72,72,"  67,126 ","  57,513 ",97.0,,,,,,,,,,,,,,,,,,$1.57 ,,,,,,,30.8,,,,,,1972,72,72,"  67,126 ","  57,513 ",97.0,,,,,,,,,,,,,,,,,,$1.57 ,,,,,,,30.8,,
,1973,73,73,"  72,253 ","  62,143 ",91.3,"  5,671 ",  708 ,1 ,"  6,380 ",18 ,  454 ,,"  4,181 ","  4,653 ","  1,243 ","  5,896 ",  484 ,  473 ,  -   ,  4 ,7 ,0.082,$2.55 ,$5.68 , 2.23 ,$1.64 ,$1.05 ,243%,,32.6,8%,74%,,,1973,73,73,"  72,253 ","  62,143 ",91.3,"  5,671 ",  708 ,1 ,"  6,380 ",18 ,  454 ,,"  4,181 ","  4,653 ","  1,243 ","  5,896 ",  484 ,  473 ,  -   ,  4 ,7 ,0.082,$2.55 ,$5.68 , 2.23 ,$1.64 ,$1.05 ,243%,,32.6,8%,74%,,,,1973,73,73,"  72,253 ","  62,143 ",91.3,"  5,671 ",  708 ,1 ,"  6,380 ",18 ,  454 ,,"  4,181 ","  4,653 ","  1,243 ","  5,896 ",  484 ,  473 ,  -   ,  4 ,7 ,0.082,$2.55 ,$5.68 , 2.23 ,$1.64 ,$1.05 ,243%,,32.6,8%,74%
,1974,74,74,"  77,935 ","  65,405 ",71.9,"  4,701 ",  484 ,2,"  5,187 ",19,  478 ,,"  3,180 ","  3,677 ","  1,149 ","  4,826 ",  361 ,  358 ,  -   ,  3 , 0 ,0.075,$3.02 ,$6.64 , 2.20 ,$1.38 ,$1.10 ,275%,,35.4,10%,68%,,,1974,74,74,"  77,935 ","  65,405 ",71.9,"  4,701 ",  484 ,2,"  5,187 ",19,  478 ,,"  3,180 ","  3,677 ","  1,149 ","  4,826 ",  361 ,  358 ,  -   ,  3 , 0 ,0.075,$3.02 ,$6.64 , 2.20 ,$1.38 ,$1.10 ,275%,,35.4,10%,68%,,,,1974,74,74,"  77,935 ","  65,405 ",71.9,"  4,701 ",  484 ,2,"  5,187 ",19,  478 ,,"  3,180 ","  3,677 ","  1,149 ","  4,826 ",  361 ,  358 ,  -   ,  3 , 0 ,0.075,$3.02 ,$6.64 , 2.20 ,$1.38 ,$1.10 ,275%,,35.4,10%,68%
,1975,75,75,"  78,583 ","  67,505 ",86.4,"  5,841 ",  558 ,2,"  6,401 ",20,  501 ,,"  3,582 ","  4,103 ","  1,664 ","  5,767 ",  634 ,  602 ,  -   ,  -   , 32 ,0.110,$2.54 ,$4.92 , 1.94 ,$1.38 ,$1.10 ,231%,,38.7,9%,61%,,,1975,75,75,"  78,583 ","  67,505 ",86.4,"  5,841 ",  558 ,2,"  6,401 ",20,  501 ,,"  3,582 ","  4,103 ","  1,664 ","  5,767 ",  634 ,  602 ,  -   ,  -   , 32 ,0.110,$2.54 ,$4.92 , 1.94 ,$1.38 ,$1.10 ,231%,,38.7,9%,61%,,,,1975,75,75,"  78,583 ","  67,505 ",86.4,"  5,841 ",  558 ,2,"  6,401 ",20,  501 ,,"  3,582 ","  4,103 ","  1,664 ","  5,767 ",  634 ,  602 ,  -   ,  -   , 32 ,0.110,$2.54 ,$4.92 , 1.94 ,$1.38 ,$1.10 ,231%,,38.7,9%,61%
,1976,76,76,"  84,374 ","  71,300 ",88.0,"  6,289 ",  633 ,2,"  6,924 ",20,  522 ,,"  3,602 ","  4,144 ","  1,645 ","  5,789 ","  1,135 ",  992 ,  -   ,  -   , 143 ,0.196,$2.15 ,$6.81 , 3.17 ,$1.57 ,$1.50 ,143%,,41.0,8%,57%,,,1976,76,76,"  84,374 ","  71,300 ",88.0,"  6,289 ",  633 ,2,"  6,924 ",20,  522 ,,"  3,602 ","  4,144 ","  1,645 ","  5,789 ","  1,135 ",  992 ,  -   ,  -   , 143 ,0.196,$2.15 ,$6.81 , 3.17 ,$1.57 ,$1.50 ,143%,,41.0,8%,57%,,,,1976,76,76,"  84,374 ","  71,300 ",88.0,"  6,289 ",  633 ,2,"  6,924 ",20,  522 ,,"  3,602 ","  4,144 ","  1,645 ","  5,789 ","  1,135 ",  992 ,  -   ,  -   , 143 ,0.196,$2.15 ,$6.81 , 3.17 ,$1.57 ,$1.50 ,143%,,41.0,8%,57%
,1977,77,77,"  84,328 ","  71,614 ",90.9,"  6,505 ","  1,136 ",2,"  7,643 ",20,  561 ,,"  3,730 ","  4,311 ","  1,896 ","  6,207 ","  1,436 ",  740 ,  212 ,  4 , 480 ,0.231,$2.05 ,$5.88 , 2.87 ,$2.00 ,$2.00 ,103%,,43.7,9%,57%,,,1977,77,77,"  84,328 ","  71,614 ",90.9,"  6,505 ","  1,136 ",2,"  7,643 ",20,  561 ,,"  3,730 ","  4,311 ","  1,896 ","  6,207 ","  1,436 ",  740 ,  212 ,  4 , 480 ,0.231,$2.05 ,$5.88 , 2.87 ,$2.00 ,$2.00 ,103%,,43.7,9%,57%,,,,1977,77,77,"  84,328 ","  71,614 ",90.9,"  6,505 ","  1,136 ",2,"  7,643 ",20,  561 ,,"  3,730 ","  4,311 ","  1,896 ","  6,207 ","  1,436 ",  740 ,  212 ,  4 , 480 ,0.231,$2.05 ,$5.88 , 2.87 ,$2.00 ,$2.00 ,103%,,43.7,9%,57%
,1978,78,78,"  81,675 ","  71,930 ",101.1,"  7,268 ","  1,436 ",1,"  8,705 ",20,  588 ,,"  4,274 ","  4,882 ","  2,113 ","  6,995 ","  1,710 ",  866 ,  585 ,  101 , 158 ,0.244,$2.25 ,$6.66 , 2.96 ,$2.10 ,$2.00 ,113%,,46.7,8%,59%,,,1978,78,78,"  81,675 ","  71,930 ",101.1,"  7,268 ","  1,436 ",1,"  8,705 ",20,  588 ,,"  4,274 ","  4,882 ","  2,113 ","  6,995 ","  1,710 ",  866 ,  585 ,  101 , 158 ,0.244,$2.25 ,$6.66 , 2.96 ,$2.10 ,$2.00 ,113%,,46.7,8%,59%,,,,1978,78,78,"  81,675 ","  71,930 ",101.1,"  7,268 ","  1,436 ",1,"  8,705 ",20,  588 ,,"  4,274 ","  4,882 ","  2,113 ","  6,995 ","  1,710 ",  866 ,  585 ,  101 , 158 ,0.244,$2.25 ,$6.66 , 2.96 ,$2.10 ,$2.00 ,113%,,46.7,8%,59%
,1979,79,79,"  81,394 ","  72,400 ",109.5,"  7,928 ","  1,710 ",1,"  9,639 ",20,  620 ,,"  4,563 ","  5,203 ","  2,402 ","  7,605 ","  2,034 ",  988 ,  670 ,  260 , 116 ,0.267,$2.48 ,$6.28 , 2.53 ,$2.20 ,$2.10 ,118%,,50.5,8%,58%,,,1979,79,79,"  81,394 ","  72,400 ",109.5,"  7,928 ","  1,710 ",1,"  9,639 ",20,  620 ,,"  4,563 ","  5,203 ","  2,402 ","  7,605 ","  2,034 ",  988 ,  670 ,  260 , 116 ,0.267,$2.48 ,$6.28 , 2.53 ,$2.20 ,$2.10 ,118%,,50.5,8%,58%,,,,1979,79,79,"  81,394 ","  72,400 ",109.5,"  7,928 ","  1,710 ",1,"  9,639 ",20,  620 ,,"  4,563 ","  5,203 ","  2,402 ","  7,605 ","  2,034 ",  988 ,  670 ,  260 , 116 ,0.267,$2.48 ,$6.28 , 2.53 ,$2.20 ,$2.10 ,118%,,50.5,8%,58%
,1980,80,80,"  84,043 ","  72,961 ",90.9,"  6,639 ","  2,035 ",1,"  8,675 ",20,  639 ,,"  4,232 ","  4,891 ","  2,391 ","  7,282 ","  1,393 ",  801 ,  -   ,  242 , 350 ,0.191,$3.12 ,$7.57 , 2.43 ,$2.05 ,$2.25 ,139%,,55.0,10%,64%,,,1980,80,80,"  84,043 ","  72,961 ",90.9,"  6,639 ","  2,035 ",1,"  8,675 ",20,  639 ,,"  4,232 ","  4,891 ","  2,391 ","  7,282 ","  1,393 ",  801 ,  -   ,  242 , 350 ,0.191,$3.12 ,$7.57 , 2.43 ,$2.05 ,$2.25 ,139%,,55.0,10%,64%,,,,1980,80,80,"  84,043 ","  72,961 ",90.9,"  6,639 ","  2,035 ",1,"  8,675 ",20,  639 ,,"  4,232 ","  4,891 ","  2,391 ","  7,282 ","  1,393 ",  801 ,  -   ,  242 , 350 ,0.191,$3.12 ,$7.57 , 2.43 ,$2.05 ,$2.25 ,139%,,55.0,10%,64%
,1981,81,81,"  84,097 ","  74,524 ",109.0,"  8,119 ","  1,392 ",1,"  9,512 ",19,  714 ,,"  4,245 ","  4,978 ","  1,997 ","  6,975 ","  2,537 ",  539 ,"  1,276 ",  280 , 442 ,0.364,$2.47 ,$6.07 , 2.46 ,$2.40 ,$2.40 ,103%,,60.1,9%,52%,,,1981,81,81,"  84,097 ","  74,524 ",109.0,"  8,119 ","  1,392 ",1,"  9,512 ",19,  714 ,,"  4,245 ","  4,978 ","  1,997 ","  6,975 ","  2,537 ",  539 ,"  1,276 ",  280 , 442 ,0.364,$2.47 ,$6.07 , 2.46 ,$2.40 ,$2.40 ,103%,,60.1,9%,52%,,,,1981,81,81,"  84,097 ","  74,524 ",109.0,"  8,119 ","  1,392 ",1,"  9,512 ",19,  714 ,,"  4,245 ","  4,978 ","  1,997 ","  6,975 ","  2,537 ",  539 ,"  1,276 ",  280 , 442 ,0.364,$2.47 ,$6.07 , 2.46 ,$2.40 ,$2.40 ,103%,,60.1,9%,52%
,1982,82,82,"  81,857 ","  72,719 ",113.3,"  8,235 ","  2,537 ",1,"  10,773 ",15,  840 ,,"  4,573 ","  5,428 ","  1,821 ","  7,249 ","  3,524 ",  362 ,"  1,890 ","  1,143 ", 129 ,0.486,$2.55 ,$5.71 , 2.24 ,$2.70 ,$2.55 ,100%,,63.7,10%,56%,,,1982,82,82,"  81,857 ","  72,719 ",113.3,"  8,235 ","  2,537 ",1,"  10,773 ",15,  840 ,,"  4,573 ","  5,428 ","  1,821 ","  7,249 ","  3,524 ",  362 ,"  1,890 ","  1,143 ", 129 ,0.486,$2.55 ,$5.71 , 2.24 ,$2.70 ,$2.55 ,100%,,63.7,10%,56%,,,,1982,82,82,"  81,857 ","  72,719 ",113.3,"  8,235 ","  2,537 ",1,"  10,773 ",15,  840 ,,"  4,573 ","  5,428 ","  1,821 ","  7,249 ","  3,524 ",  362 ,"  1,890 ","  1,143 ", 129 ,0.486,$2.55 ,$5.71 , 2.24 ,$2.70 ,$2.55 ,100%,,63.7,10%,56%
,1983,83,83,"  60,217 ","  51,479 ",81.0,"  4,174 ","  3,523 ",2,"  7,699 ",19,  911 ,,"  3,876 ","  4,806 ","  1,886 ","  6,692 ","  1,007 ",  313 ,  447 ,  202 , 45 ,0.150,$3.21 ,$7.83 , 2.44 ,$2.86 ,$2.65 ,121%,,66.3,22%,93%,,,1983,83,83,"  60,217 ","  51,479 ",81.0,"  4,174 ","  3,523 ",2,"  7,699 ",19,  911 ,,"  3,876 ","  4,806 ","  1,886 ","  6,692 ","  1,007 ",  313 ,  447 ,  202 , 45 ,0.150,$3.21 ,$7.83 , 2.44 ,$2.86 ,$2.65 ,121%,,66.3,22%,93%,,,,1983,83,83,"  60,217 ","  51,479 ",81.0,"  4,174 ","  3,523 ",2,"  7,699 ",19,  911 ,,"  3,876 ","  4,806 ","  1,886 ","  6,692 ","  1,007 ",  313 ,  447 ,  202 , 45 ,0.150,$3.21 ,$7.83 , 2.44 ,$2.86 ,$2.65 ,121%,,66.3,22%,93%
,1984,84,84,"  80,617 ","  71,897 ",106.7,"  7,672 ","  1,006 ", 2 ,"  8,680 ", 21 ,"  1,046 ",,"  4,115 ","  5,182 ","  1,850 ","  7,032 ","  1,648 ",  377 ,  389 ,  225 , 657 ,0.234,$2.63 ,$5.84 , 2.22 ,$3.03 ,$2.55 ,103%,,68.8,14%,54%,,,1984,84,84,"  80,617 ","  71,897 ",106.7,"  7,672 ","  1,006 ", 2 ,"  8,680 ", 21 ,"  1,046 ",,"  4,115 ","  5,182 ","  1,850 ","  7,032 ","  1,648 ",  377 ,  389 ,  225 , 657 ,0.234,$2.63 ,$5.84 , 2.22 ,$3.03 ,$2.55 ,103%,,68.8,14%,54%,,,,1984,84,84,"  80,617 ","  71,897 ",106.7,"  7,672 ","  1,006 ", 2 ,"  8,680 ", 21 ,"  1,046 ",,"  4,115 ","  5,182 ","  1,850 ","  7,032 ","  1,648 ",  377 ,  389 ,  225 , 657 ,0.234,$2.63 ,$5.84 , 2.22 ,$3.03 ,$2.55 ,103%,,68.8,14%,54%
,1985,85,85,"  83,398 ","  75,209 ",118.0,"  8,875 ","  1,648 ", 10 ,"  10,533 ", 20 ,"  1,133 ",,"  4,114 ","  5,267 ","  1,227 ","  6,494 ","  4,039 ",  193 ,  711 ,  546 ," 2,589 ",0.622,$2.23 ,$5.05 , 2.26 ,$3.03 ,$2.55 ,87%,,70.9,13%,46%,,,1985,85,85,"  83,398 ","  75,209 ",118.0,"  8,875 ","  1,648 ", 10 ,"  10,533 ", 20 ,"  1,133 ",,"  4,114 ","  5,267 ","  1,227 ","  6,494 ","  4,039 ",  193 ,  711 ,  546 ," 2,589 ",0.622,$2.23 ,$5.05 , 2.26 ,$3.03 ,$2.55 ,87%,,70.9,13%,46%,,,,1985,85,85,"  83,398 ","  75,209 ",118.0,"  8,875 ","  1,648 ", 10 ,"  10,533 ", 20 ,"  1,133 ",,"  4,114 ","  5,267 ","  1,227 ","  6,494 ","  4,039 ",  193 ,  711 ,  546 ," 2,589 ",0.622,$2.23 ,$5.05 , 2.26 ,$3.03 ,$2.55 ,87%,,70.9,13%,46%
,1986,86,86,"  76,580 ","  68,907 ",119.4,"  8,226 ","  4,040 ", 2 ,"  12,268 ", 17 ,"  1,207 ",,"  4,669 ","  5,893 ","  1,492 ","  7,385 ","  4,883 ",  (160),"  1,498 ","  1,443 "," 2,102 ",0.661,$1.50 ,$4.78 , 3.19 ,$3.03 ,$1.92 ,78%,,72.5,15%,57%,,,1986,86,86,"  76,580 ","  68,907 ",119.4,"  8,226 ","  4,040 ", 2 ,"  12,268 ", 17 ,"  1,207 ",,"  4,669 ","  5,893 ","  1,492 ","  7,385 ","  4,883 ",  (160),"  1,498 ","  1,443 "," 2,102 ",0.661,$1.50 ,$4.78 , 3.19 ,$3.03 ,$1.92 ,78%,,72.5,15%,57%,,,,1986,86,86,"  76,580 ","  68,907 ",119.4,"  8,226 ","  4,040 ", 2 ,"  12,268 ", 17 ,"  1,207 ",,"  4,669 ","  5,893 ","  1,492 ","  7,385 ","  4,883 ",  (160),"  1,498 ","  1,443 "," 2,102 ",0.661,$1.50 ,$4.78 , 3.19 ,$3.03 ,$1.92 ,78%,,72.5,15%,57%
,1987,87,87,"  66,200 ","  59,505 ",119.8,"  7,131 ","  4,882 ", 3 ,"  12,016 ", 17 ,"  1,226 ",,"  4,798 ","  6,041 ","  1,716 ","  7,757 ","  4,259 ","  1,369 ","  1,127 ",  835 , 928 ,0.549,$1.94 ,$5.88 , 3.03 ,$3.03 ,$1.82 ,107%,,74.6,17%,67%,,,1987,87,87,"  66,200 ","  59,505 ",119.8,"  7,131 ","  4,882 ", 3 ,"  12,016 ", 17 ,"  1,226 ",,"  4,798 ","  6,041 ","  1,716 ","  7,757 ","  4,259 ","  1,369 ","  1,127 ",  835 , 928 ,0.549,$1.94 ,$5.88 , 3.03 ,$3.03 ,$1.82 ,107%,,74.6,17%,67%,,,,1987,87,87,"  66,200 ","  59,505 ",119.8,"  7,131 ","  4,882 ", 3 ,"  12,016 ", 17 ,"  1,226 ",,"  4,798 ","  6,041 ","  1,716 ","  7,757 ","  4,259 ","  1,369 ","  1,127 ",  835 , 928 ,0.549,$1.94 ,$5.88 , 3.03 ,$3.03 ,$1.82 ,107%,,74.6,17%,67%
,1988,88,88,"  67,717 ","  58,250 ",84.6,"  4,929 ","  4,259 ", 3 ,"  9,191 ", 18 ,"  1,275 ",,"  3,941 ","  5,234 ","  2,026 ","  7,260 ","  1,931 ",  508 ,  724 ,  362 , 337 ,0.266,$2.54 ,$7.42 , 2.92 ,$2.93 ,$1.77 ,144%,,77.1,26%,80%,,,1988,88,88,"  67,717 ","  58,250 ",84.6,"  4,929 ","  4,259 ", 3 ,"  9,191 ", 18 ,"  1,275 ",,"  3,941 ","  5,234 ","  2,026 ","  7,260 ","  1,931 ",  508 ,  724 ,  362 , 337 ,0.266,$2.54 ,$7.42 , 2.92 ,$2.93 ,$1.77 ,144%,,77.1,26%,80%,,,,1988,88,88,"  67,717 ","  58,250 ",84.6,"  4,929 ","  4,259 ", 3 ,"  9,191 ", 18 ,"  1,275 ",,"  3,941 ","  5,234 ","  2,026 ","  7,260 ","  1,931 ",  508 ,  724 ,  362 , 337 ,0.266,$2.54 ,$7.42 , 2.92 ,$2.93 ,$1.77 ,144%,,77.1,26%,80%
,1989,89,89,"  72,322 ","  64,783 ",116.3,"  7,532 ","  1,930 ", 2 ,"  9,464 ", 19 ,"  1,337 ",,"  4,389 ","  5,745 ","  2,368 ","  8,113 ","  1,351 ",  619 ,  387 ,  233 , 112 ,0.167,$2.36 ,$5.69 , 2.41 ,$2.84 ,$1.65 ,143%,,80.1,18%,58%,,,1989,89,89,"  72,322 ","  64,783 ",116.3,"  7,532 ","  1,930 ", 2 ,"  9,464 ", 19 ,"  1,337 ",,"  4,389 ","  5,745 ","  2,368 ","  8,113 ","  1,351 ",  619 ,  387 ,  233 , 112 ,0.167,$2.36 ,$5.69 , 2.41 ,$2.84 ,$1.65 ,143%,,80.1,18%,58%,,,,1989,89,89,"  72,322 ","  64,783 ",116.3,"  7,532 ","  1,930 ", 2 ,"  9,464 ", 19 ,"  1,337 ",,"  4,389 ","  5,745 ","  2,368 ","  8,113 ","  1,351 ",  619 ,  387 ,  233 , 112 ,0.167,$2.36 ,$5.69 , 2.41 ,$2.84 ,$1.65 ,143%,,80.1,18%,58%
,1990,90,90,"  74,166 ","  66,952 ",118.5,"  7,934 ","  1,344 ", 3 ,"  9,281 ", 19 ,"  1,354 ",,"  4,663 ","  6,036 ","  1,725 ","  7,761 ","  1,520 ",  937 ,  3 ,  371 , 209 ,0.196,$2.28 ,$5.74 , 2.52 ,$2.75 ,$1.57 ,145%,,83.2,17%,59%,,,1990,90,90,"  74,166 ","  66,952 ",118.5,"  7,934 ","  1,344 ", 3 ,"  9,281 ", 19 ,"  1,354 ",,"  4,663 ","  6,036 ","  1,725 ","  7,761 ","  1,520 ",  937 ,  3 ,  371 , 209 ,0.196,$2.28 ,$5.74 , 2.52 ,$2.75 ,$1.57 ,145%,,83.2,17%,59%,,,,1990,90,90,"  74,166 ","  66,952 ",118.5,"  7,934 ","  1,344 ", 3 ,"  9,281 ", 19 ,"  1,354 ",,"  4,663 ","  6,036 ","  1,725 ","  7,761 ","  1,520 ",  937 ,  3 ,  371 , 209 ,0.196,$2.28 ,$5.74 , 2.52 ,$2.75 ,$1.57 ,145%,,83.2,17%,59%
,1991,91,91,"  75,957 ","  68,822 ",108.6,"  7,475 ","  1,521 ", 20 ,"  9,016 ", 20 ,"  1,434 ",,"  4,878 ","  6,332 ","  1,584 ","  7,916 ","  1,100 ",  791 ,  -   ,  113 , 196 ,0.139,$2.37 ,$5.58 , 2.35 ,$2.75 ,$1.62 ,146%,,86.0,19%,65%,,,1991,91,91,"  75,957 ","  68,822 ",108.6,"  7,475 ","  1,521 ", 20 ,"  9,016 ", 20 ,"  1,434 ",,"  4,878 ","  6,332 ","  1,584 ","  7,916 ","  1,100 ",  791 ,  -   ,  113 , 196 ,0.139,$2.37 ,$5.58 , 2.35 ,$2.75 ,$1.62 ,146%,,86.0,19%,65%,,,,1991,91,91,"  75,957 ","  68,822 ",108.6,"  7,475 ","  1,521 ", 20 ,"  9,016 ", 20 ,"  1,434 ",,"  4,878 ","  6,332 ","  1,584 ","  7,916 ","  1,100 ",  791 ,  -   ,  113 , 196 ,0.139,$2.37 ,$5.58 , 2.35 ,$2.75 ,$1.62 ,146%,,86.0,19%,65%
,1992,92,92,"  79,311 ","  72,077 ",131.5,"  9,477 ","  1,100 ", 7 ,"  10,584 ", 19 ,"  1,492 ",,"  5,301 ","  6,812 ","  1,663 ","  8,475 ","  2,109 ","  1,347 ",  13 ,  56 , 693 ,0.249,$2.07 ,$5.56 , 2.69 ,$2.75 ,$1.72 ,120%,,87.9,16%,56%,,,1992,92,92,"  79,311 ","  72,077 ",131.5,"  9,477 ","  1,100 ", 7 ,"  10,584 ", 19 ,"  1,492 ",,"  5,301 ","  6,812 ","  1,663 ","  8,475 ","  2,109 ","  1,347 ",  13 ,  56 , 693 ,0.249,$2.07 ,$5.56 , 2.69 ,$2.75 ,$1.72 ,120%,,87.9,16%,56%,,,,1992,92,92,"  79,311 ","  72,077 ",131.5,"  9,477 ","  1,100 ", 7 ,"  10,584 ", 19 ,"  1,492 ",,"  5,301 ","  6,812 ","  1,663 ","  8,475 ","  2,109 ","  1,347 ",  13 ,  56 , 693 ,0.249,$2.07 ,$5.56 , 2.69 ,$2.75 ,$1.72 ,120%,,87.9,16%,56%
,1993,93,93,"  73,235 ","  62,921 ",100.7,"  6,336 ","  2,113 ", 21 ,"  8,470 ", 21 ,"  1,567 ",,"  4,704 ","  6,292 ","  1,328 ","  7,620 ",  850 ,  609 ,  119 ,  45 , 77 ,0.112,$2.50 ,$6.40 , 2.56 ,$2.75 ,$1.72 ,145%,,90.2,25%,74%,,,1993,93,93,"  73,235 ","  62,921 ",100.7,"  6,336 ","  2,113 ", 21 ,"  8,470 ", 21 ,"  1,567 ",,"  4,704 ","  6,292 ","  1,328 ","  7,620 ",  850 ,  609 ,  119 ,  45 , 77 ,0.112,$2.50 ,$6.40 , 2.56 ,$2.75 ,$1.72 ,145%,,90.2,25%,74%,,,,1993,93,93,"  73,235 ","  62,921 ",100.7,"  6,336 ","  2,113 ", 21 ,"  8,470 ", 21 ,"  1,567 ",,"  4,704 ","  6,292 ","  1,328 ","  7,620 ",  850 ,  609 ,  119 ,  45 , 77 ,0.112,$2.50 ,$6.40 , 2.56 ,$2.75 ,$1.72 ,145%,,90.2,25%,74%
,1994,94,94,"  79,175 ","  72,887 ",138.6,"  10,103 ",  850 , 10 ,"  10,962 ", 20 ,"  1,684 ",,"  5,523 ","  7,227 ","  2,177 ","  9,404 ","  1,558 ","  1,090 ",  78 ,  42 , 348 ,0.166,$2.26 ,$5.48 , 2.42 ,$2.75 ,$1.89 ,120%,,92.1,17%,55%,,,1994,94,94,"  79,175 ","  72,887 ",138.6,"  10,103 ",  850 , 10 ,"  10,962 ", 20 ,"  1,684 ",,"  5,523 ","  7,227 ","  2,177 ","  9,404 ","  1,558 ","  1,090 ",  78 ,  42 , 348 ,0.166,$2.26 ,$5.48 , 2.42 ,$2.75 ,$1.89 ,120%,,92.1,17%,55%,,,,1994,94,94,"  79,175 ","  72,887 ",138.6,"  10,103 ",  850 , 10 ,"  10,962 ", 20 ,"  1,684 ",,"  5,523 ","  7,227 ","  2,177 ","  9,404 ","  1,558 ","  1,090 ",  78 ,  42 , 348 ,0.166,$2.26 ,$5.48 , 2.42 ,$2.75 ,$1.89 ,120%,,92.1,17%,55%
,1995,95,95,"  71,245 ","  64,995 ",113.5,"  7,374 ","  1,558 ",16 ,"  8,948 ",21 ,"  1,591 ",,"  4,682 ","  6,294 ","  2,228 ","  8,522 ",  426 ,  363 ,  -   ,  30 ,33 ,0.050,$3.24 ,$6.72 , 2.07 ,$2.75 ,$1.89 ,171%,,94.1,22%,63%,,,1995,95,95,"  71,245 ","  64,995 ",113.5,"  7,374 ","  1,558 ",16 ,"  8,948 ",21 ,"  1,591 ",,"  4,682 ","  6,294 ","  2,228 ","  8,522 ",  426 ,  363 ,  -   ,  30 ,33 ,0.050,$3.24 ,$6.72 , 2.07 ,$2.75 ,$1.89 ,171%,,94.1,22%,63%,,,,1995,95,95,"  71,245 ","  64,995 ",113.5,"  7,374 ","  1,558 ",16 ,"  8,948 ",21 ,"  1,591 ",,"  4,682 ","  6,294 ","  2,228 ","  8,522 ",  426 ,  363 ,  -   ,  30 ,33 ,0.050,$3.24 ,$6.72 , 2.07 ,$2.75 ,$1.89 ,171%,,94.1,22%,63%
,1996,96,96,"  79,200 ","  72,600 ",127.2,"  9,233 ",  426 , 13 ,"  9,672 ", 22 ,"  1,670 ",,"  5,302 ","  6,994 ","  1,795 ","  8,789 ",  883 ,  702 ,,  2 , 179 ,0.100,$2.71 ,$7.35 , 2.71 ,$2.75 ,$1.89 ,143%,126.3,95.8,18%,57%,,,1996,96,96,"  79,200 ","  72,600 ",127.2,"  9,233 ",  426 , 13 ,"  9,672 ", 22 ,"  1,670 ",,"  5,302 ","  6,994 ","  1,795 ","  8,789 ",  883 ,  702 ,,  2 , 179 ,0.100,$2.71 ,$7.35 , 2.71 ,$2.75 ,$1.89 ,143%,126.3,95.8,18%,57%,,,,1996,96,96,"  79,200 ","  72,600 ",127.2,"  9,233 ",  426 , 13 ,"  9,672 ", 22 ,"  1,670 ",,"  5,302 ","  6,994 ","  1,795 ","  8,789 ",  883 ,  702 ,,  2 , 179 ,0.100,$2.71 ,$7.35 , 2.71 ,$2.75 ,$1.89 ,143%,126.3,95.8,18%,57%
,1997,97,97,"  79,537 ","  72,700 ",126.6,"  9,207 ",  883 , 9 ,"  10,099 ", 22 ,"  1,760 ",,"  5,505 ","  7,287 ","  1,504 ","  8,791 ","  1,308 ",  994 ,,  4 , 310 ,0.149,$2.43 ,$6.47 , 2.66 ,$2.75 ,$1.89 ,129%,128.7,97.4,19%,60%,,,1997,97,97,"  79,537 ","  72,700 ",126.6,"  9,207 ",  883 , 9 ,"  10,099 ", 22 ,"  1,760 ",,"  5,505 ","  7,287 ","  1,504 ","  8,791 ","  1,308 ",  994 ,,  4 , 310 ,0.149,$2.43 ,$6.47 , 2.66 ,$2.75 ,$1.89 ,129%,128.7,97.4,19%,60%,,,,1997,97,97,"  79,537 ","  72,700 ",126.6,"  9,207 ",  883 , 9 ,"  10,099 ", 22 ,"  1,760 ",,"  5,505 ","  7,287 ","  1,504 ","  8,791 ","  1,308 ",  994 ,,  4 , 310 ,0.149,$2.43 ,$6.47 , 2.66 ,$2.75 ,$1.89 ,129%,128.7,97.4,19%,60%
,1998,98,98,"  80,187 ","  72,600 ",134.4,"  9,759 ","  1,308 ", 19 ,"  11,086 ", 22 ,"  1,824 ",,"  5,471 ","  7,317 ","  1,981 ","  9,298 ","  1,788 ","  1,385 ",,  12 , 391 ,0.192,$1.94 ,$4.93 , 2.54 ,,,,131.2,98.6,19%,56%,,,1998,98,98,"  80,187 ","  72,600 ",134.4,"  9,759 ","  1,308 ", 19 ,"  11,086 ", 22 ,"  1,824 ",,"  5,471 ","  7,317 ","  1,981 ","  9,298 ","  1,788 ","  1,385 ",,  12 , 391 ,0.192,$1.94 ,$4.93 , 2.54 ,,,,131.2,98.6,19%,56%,,,,1998,98,98,"  80,187 ","  72,600 ",134.4,"  9,759 ","  1,308 ", 19 ,"  11,086 ", 22 ,"  1,824 ",,"  5,471 ","  7,317 ","  1,981 ","  9,298 ","  1,788 ","  1,385 ",,  12 , 391 ,0.192,$1.94 ,$4.93 , 2.54 ,,,,131.2,98.6,19%,56%
,1999,99,99,"  77,400 ","  70,500 ",133.8,"  9,431 ","  1,788 ", 15 ,"  11,233 ", 22 ,"  1,891 ",,"  5,665 ","  7,578 ","  1,937 ","  9,515 ","  1,718 ","  1,312 ",,  14 , 392 ,0.181,$1.82 ,$4.63 , 2.54 ,,,,133.6,100.0,20%,60%,,,1999,99,99,"  77,400 ","  70,500 ",133.8,"  9,431 ","  1,788 ", 15 ,"  11,233 ", 22 ,"  1,891 ",,"  5,665 ","  7,578 ","  1,937 ","  9,515 ","  1,718 ","  1,312 ",,  14 , 392 ,0.181,$1.82 ,$4.63 , 2.54 ,,,,133.6,100.0,20%,60%,,,,1999,99,99,"  77,400 ","  70,500 ",133.8,"  9,431 ","  1,788 ", 15 ,"  11,233 ", 22 ,"  1,891 ",,"  5,665 ","  7,578 ","  1,937 ","  9,515 ","  1,718 ","  1,312 ",,  14 , 392 ,0.181,$1.82 ,$4.63 , 2.54 ,,,,133.6,100.0,20%,60%
,2000,100,00,"  79,551 ","  72,440 ",136.9,"  9,915 ","  1,718 ", 7 ,"  11,640 ", 22 ,"  1,935 ",,"  5,842 ","  7,799 ","  1,941 ","  9,740 ","  1,900 ","  1,639 ",  -   ,  8 , 253 ,0.195,$1.85 ,$4.54 , 2.45 ,,,,136.1,,20%,59%,,,2000,100,00,"  79,551 ","  72,440 ",136.9,"  9,915 ","  1,718 ", 7 ,"  11,640 ", 22 ,"  1,935 ",,"  5,842 ","  7,799 ","  1,941 ","  9,740 ","  1,900 ","  1,639 ",  -   ,  8 , 253 ,0.195,$1.85 ,$4.54 , 2.45 ,,,,136.1,,20%,59%,,,,2000,100,00,"  79,551 ","  72,440 ",136.9,"  9,915 ","  1,718 ", 7 ,"  11,640 ", 22 ,"  1,935 ",,"  5,842 ","  7,799 ","  1,941 ","  9,740 ","  1,900 ","  1,639 ",  -   ,  8 , 253 ,0.195,$1.85 ,$4.54 , 2.45 ,,,,136.1,,20%,59%
,2001,101,01,"  75,800 ","  68,808 ",138.2,"  9,507 ","  1,900 ", 10 ,"  11,417 ", 22 ,"  2,034 ",,"  5,868 ","  7,924 ","  1,905 ","  9,829 ","  1,588 ","  1,369 ",  -   ,  6 , 213 ,0.162,$1.97 ,$4.38 , 2.22 ,,,,138.5,,21%,62%,,,2001,101,01,"  75,800 ","  68,808 ",138.2,"  9,507 ","  1,900 ", 10 ,"  11,417 ", 22 ,"  2,034 ",,"  5,868 ","  7,924 ","  1,905 ","  9,829 ","  1,588 ","  1,369 ",  -   ,  6 , 213 ,0.162,$1.97 ,$4.38 , 2.22 ,,,,138.5,,21%,62%,,,,2001,101,01,"  75,800 ","  68,808 ",138.2,"  9,507 ","  1,900 ", 10 ,"  11,417 ", 22 ,"  2,034 ",,"  5,868 ","  7,924 ","  1,905 ","  9,829 ","  1,588 ","  1,369 ",  -   ,  6 , 213 ,0.162,$1.97 ,$4.38 , 2.22 ,,,,138.5,,21%,62%
,2002,102,02,"  78,900 ","  69,313 ",129.4,"  8,967 ","  1,596 ", 14 ,"  10,577 ", 22 ,"  2,318 ",  996 ,"  5,563 ","  7,903 ","  1,588 ","  9,491 ","  1,086 ",  805 ,  -   ,  4 , 277 ,0.114,$2.32 ,$5.53 , 2.38 ,,,,141.0,,26%,62%,11%,,2002,102,02,"  78,900 ","  69,313 ",129.4,"  8,967 ","  1,596 ", 14 ,"  10,577 ", 22 ,"  2,318 ",  996 ,"  5,563 ","  7,903 ","  1,588 ","  9,491 ","  1,086 ",  805 ,  -   ,  4 , 277 ,0.114,$2.32 ,$5.53 , 2.38 ,,,,141.0,,26%,62%,,,,2002,102,02,"  78,900 ","  69,313 ",129.4,"  8,967 ","  1,596 ", 14 ,"  10,577 ", 22 ,"  2,318 ",  996 ,"  5,563 ","  7,903 ","  1,588 ","  9,491 ","  1,086 ",  805 ,  -   ,  4 , 277 ,0.114,$2.32 ,$5.53 , 2.38 ,,,,141.0,,26%,62%
,2003,103,03,"  78,600 ","  70,900 ",142.3,"  10,089 ","  1,087 ", 14 ,"  11,190 ", 22 ,"  2,515 ","  1,168 ","  5,795 ","  8,332 ","  1,900 ","  10,232 ",  958 ,  794 ,  -   ,  -   , 164 ,0.094,$2.42 ,$7.34 , 3.03 ,,,,143.4,,25%,57%,12%,,2003,103,03,"  78,600 ","  70,900 ",142.3,"  10,089 ","  1,087 ", 14 ,"  11,190 ", 22 ,"  2,515 ","  1,168 ","  5,795 ","  8,332 ","  1,900 ","  10,232 ",  958 ,  794 ,  -   ,  -   , 164 ,0.094,$2.42 ,$7.34 , 3.03 ,,,,143.4,,25%,57%,,,,2003,103,03,"  78,600 ","  70,900 ",142.3,"  10,089 ","  1,087 ", 14 ,"  11,190 ", 22 ,"  2,515 ","  1,168 ","  5,795 ","  8,332 ","  1,900 ","  10,232 ",  958 ,  794 ,  -   ,  -   , 164 ,0.094,$2.42 ,$7.34 , 3.03 ,,,,143.4,,25%,57%
,2004,104,04,"  80,900 ","  73,600 ",160.4,"  11,807 ",  958 , 11 ,"  12,776 ", 22 ,"  2,664 ","  1,323 ","  6,162 ","  8,848 ","  1,814 ","  10,662 ","  2,114 ","  1,833 ",,  1 , 280 ,0.198,$2.06 ,$5.74 , 2.79 ,,,,145.9,,23%,52%,11%,,2004,104,04,"  80,900 ","  73,600 ",160.4,"  11,807 ",  958 , 11 ,"  12,776 ", 22 ,"  2,664 ","  1,323 ","  6,162 ","  8,848 ","  1,814 ","  10,662 ","  2,114 ","  1,833 ",,  1 , 280 ,0.198,$2.06 ,$5.74 , 2.79 ,,,,145.9,,23%,52%,,,,2004,104,04,"  80,900 ","  73,600 ",160.4,"  11,807 ",  958 , 11 ,"  12,776 ", 22 ,"  2,664 ","  1,323 ","  6,162 ","  8,848 ","  1,814 ","  10,662 ","  2,114 ","  1,833 ",,  1 , 280 ,0.198,$2.06 ,$5.74 , 2.79 ,,,,145.9,,23%,52%
,2005,105,05,"  81,800 ","  75,100 ",148.0,"  11,114 ","  2,114 ", 9 ,"  13,237 ", 22 ,"  2,959 ","  1,603 ","  6,141 ","  9,122 ","  2,147 ","  11,269 ","  1,968 ","  1,968 ",,  -   , 171 ,0.175,$2.00 ,$5.66 , 2.83 ,,,,148.4,,27%,55%,14%,,2005,105,05,"  81,800 ","  75,100 ",148.0,"  11,114 ","  2,114 ", 9 ,"  13,237 ", 22 ,"  2,959 ","  1,603 ","  6,141 ","  9,122 ","  2,147 ","  11,269 ","  1,968 ","  1,968 ",,  -   , 171 ,0.175,$2.00 ,$5.66 , 2.83 ,,,,148.4,,27%,55%,,,,2005,105,05,"  81,800 ","  75,100 ",148.0,"  11,114 ","  2,114 ", 9 ,"  13,237 ", 22 ,"  2,959 ","  1,603 ","  6,141 ","  9,122 ","  2,147 ","  11,269 ","  1,968 ","  1,968 ",,  -   , 171 ,0.175,$2.00 ,$5.66 , 2.83 ,,,,148.4,,27%,55%
,2006,106,06,"  78,327 ","  70,648 ",149.1,"  10,535 ","  1,967 ", 12 ,"  12,514 ", 22 ,"  3,468 ","  2,119 ","  5,595 ","  9,085 ","  2,125 ","  11,210 ","  1,304 ","  1,304 ",,  -   , 116 ,0.116,$3.04 ,$6.43 , 2.12 ,,,,150.8,,33%,53%,20%,,2006,106,06,"  78,327 ","  70,648 ",149.1,"  10,535 ","  1,967 ", 12 ,"  12,514 ", 22 ,"  3,468 ","  2,119 ","  5,595 ","  9,085 ","  2,125 ","  11,210 ","  1,304 ","  1,304 ",,  -   , 116 ,0.116,$3.04 ,$6.43 , 2.12 ,,,,150.8,,33%,53%,,,,2006,106,06,"  78,327 ","  70,648 ",149.1,"  10,535 ","  1,967 ", 12 ,"  12,514 ", 22 ,"  3,468 ","  2,119 ","  5,595 ","  9,085 ","  2,125 ","  11,210 ","  1,304 ","  1,304 ",,  -   , 116 ,0.116,$3.04 ,$6.43 , 2.12 ,,,,150.8,,33%,53%
,2007,107,07,"  93,600 ","  86,500 ",151.1,"  13,074 ","  1,304 ", 20 ,"  14,398 ", 22 ,"  4,342 ","  3,026 ","  5,913 ","  10,277 ","  2,436 ","  12,713 ","  1,685 ","  1,685 ",,, 106 ,0.133,$4.20 ,$10.15 , 2.42 ,,,,153.3,,33%,45%,23%,,2007,107,07,"  93,600 ","  86,500 ",151.1,"  13,074 ","  1,304 ", 20 ,"  14,398 ", 22 ,"  4,342 ","  3,026 ","  5,913 ","  10,277 ","  2,436 ","  12,713 ","  1,685 ","  1,685 ",,, 106 ,0.133,$4.20 ,$10.15 , 2.42 ,,,,153.3,,33%,45%,,,,2007,107,07,"  93,600 ","  86,500 ",151.1,"  13,074 ","  1,304 ", 20 ,"  14,398 ", 22 ,"  4,342 ","  3,026 ","  5,913 ","  10,277 ","  2,436 ","  12,713 ","  1,685 ","  1,685 ",,, 106 ,0.133,$4.20 ,$10.15 , 2.42 ,,,,153.3,,33%,45%
,2008,108,08,"  86,000 ","  78,630 ",153.8,"  12,092 ","  1,624 ", 14 ,"  13,729 ", 22 ,"  4,930 ","  3,709 ","  5,246 ","  10,198 ","  1,858 ","  12,056 ","  1,673 ","  1,673 ",,, 171 ,0.139,$4.08 ,$9.97 , 2.44 ,,,,155.7,,41%,43%,31%,,2008,108,08,"  86,000 ","  78,630 ",153.8,"  12,092 ","  1,624 ", 14 ,"  13,729 ", 22 ,"  4,930 ","  3,709 ","  5,246 ","  10,198 ","  1,858 ","  12,056 ","  1,673 ","  1,673 ",,, 171 ,0.139,$4.08 ,$9.97 , 2.44 ,,,,155.7,,41%,43%,,,,2008,108,08,"  86,000 ","  78,630 ",153.8,"  12,092 ","  1,624 ", 14 ,"  13,729 ", 22 ,"  4,930 ","  3,709 ","  5,246 ","  10,198 ","  1,858 ","  12,056 ","  1,673 ","  1,673 ",,, 171 ,0.139,$4.08 ,$9.97 , 2.44 ,,,,155.7,,41%,43%
,2009,109,09,"  86,400 ","  79,500 ",164.7,"  13,092 ","  1,673 ", 8 ,"  14,773 ", 22 ,"  5,939 ","  4,591 ","  5,125 ","  11,086 ","  1,980 ","  13,066 ","  1,708 ","  1,708 ",,, 147 ,0.131,$3.55 ,$9.59 , 2.70 ,,,,158.2,,45%,39%,35%,,2009,109,09,"  86,400 ","  79,500 ",164.7,"  13,092 ","  1,673 ", 8 ,"  14,773 ", 22 ,"  5,939 ","  4,591 ","  5,125 ","  11,086 ","  1,980 ","  13,066 ","  1,708 ","  1,708 ",,, 147 ,0.131,$3.55 ,$9.59 , 2.70 ,,,,158.2,,45%,39%,,,,2009,109,09,"  86,400 ","  79,500 ",164.7,13092,"  1,673 ", 8 ,"  14,773 ", 22 ,"  5,939 ","  4,591 ","  5,125 ","  11,086 ","  1,980 ","  13,066 ","  1,707 ","  1,708 ",,, 147 ,0.131,$3.55 ,$9.59 , 2.70 ,,,,158.2,,45%,39%
,2010,110,10,"  88,200 ","  81,400 ",152.8,"  12,447 ","  1,708 ", 28 ,"  14,183 ", 22 ,"  6,404 ","  5,019 ","  4,795 ","  11,221 ","  1,834 ","  13,055 ","  1,128 ","  1,128 ",,, 48 ,0.086,$5.18 ,$11.30 , 2.18 ,,,,160.6,,51%,39%,40%,,2010,110,10,"  88,200 ","  81,400 ",152.8,"  12,447 ","  1,708 ", 28 ,"  14,183 ", 22 ,"  6,404 ","  5,019 ","  4,795 ","  11,221 ","  1,834 ","  13,055 ","  1,128 ","  1,128 ",,, 48 ,0.086,$5.18 ,$11.30 , 2.18 ,,,,160.6,,51%,39%,,,,2010,110,10,"  88,200 ","  81,400 ",152.8,12437.92,"  1,708 ", 28 ,"  14,174 ", 22 ,"  6,404 ","  5,019 ","  4,795 ","  11,221 ","  1,834 ","  13,055 ","  1,119 ","  1,128 ",,, 48 ,0.086,$5.18 ,$11.30 , 2.18 ,,,,160.6,,51%,39%
,2011,111,11,"  91,900 ","  83,970 ",147.2,"  12,360 ","  1,128 ", 29 ,"  13,517 ", 22 ,"  6,406 ","  5,000 ","  4,557 ","  10,985 ","  1,543 ","  12,528 ",  989 ,  989 ,,, 41 ,0.079,$6.22 ,$12.50 , 2.01 ,,,,163.1,,52%,37%,40%,,2011,111,11,"  91,900 ","  83,970 ",147.2,"  12,360 ","  1,128 ", 29 ,"  13,517 ", 22 ,"  6,406 ","  5,000 ","  4,557 ","  10,985 ","  1,543 ","  12,528 ",  989 ,  989 ,,, 41 ,0.079,$6.22 ,$12.50 , 2.01 ,,,,163.1,,52%,37%,,,,2011,111,11,"  91,900 ","  83,970 ",147.2,12357.8649,"  1,128 ", 29 ,"  13,515 ", 22 ,"  6,406 ","  5,000 ","  4,557 ","  10,985 ","  1,543 ","  12,528 ",  987 ,  989 ,,, 41 ,0.079,$6.22 ,$12.50 , 2.01 ,,,,163.1,,52%,37%
,2012,112,12,"  97,300 ","  87,360 ",123.1,"  10,755 ",  989 , 160 ,"  11,904 ", 22 ,"  6,016 ","  4,641 ","  4,315 ","  10,353 ",  730 ,"  11,083 ",  821 ,  821 ,,, 32 ,0.074,$6.89 ,$14.40 , 2.09 ,,,,165.5,,56%,40%,43%,,2012,112,12,"  97,300 ","  87,360 ",123.1,"  10,755 ",  989 , 160 ,"  11,904 ", 22 ,"  6,016 ","  4,641 ","  4,315 ","  10,353 ",  730 ,"  11,083 ",  821 ,  821 ,,, 32 ,0.074,$6.89 ,$14.40 , 2.09 ,,,,165.5,,56%,40%,,,,2012,112,12,"  97,300 ","  87,360 ",123.1,10754.8896,  989 , 160 ,"  11,904 ", 22 ,"  6,016 ","  4,641 ","  4,315 ","  10,353 ",  730 ,"  11,083 ",  821 ,  821 ,,, 32 ,0.074,$6.89 ,$14.40 , 2.09 ,,,,165.5,,56%,40%
,2013,113,13,"  95,400 ","  87,470 ",158.1,"  13,829 ",  821 , 36 ,"  14,686 ", 22 ,"  6,471 ","  5,124 ","  5,041 ","  11,534 ","  1,920 ","  13,454 ","  1,232 ","  1,232 ",,, 76 ,0.092,$4.46 ,$13.00 , 2.91 ,,,,168.0,,47%,36%,37%,,2013,113,13,"  95,400 ","  87,470 ",158.1,"  13,829 ",  821 , 36 ,"  14,686 ", 22 ,"  6,471 ","  5,124 ","  5,041 ","  11,534 ","  1,920 ","  13,454 ","  1,232 ","  1,232 ",,, 76 ,0.092,$4.46 ,$13.00 , 2.91 ,,,,168.0,,47%,36%,,,,2013,113,13,"  95,400 ","  87,470 ",158.1,13829.007,  821 , 36 ,"  14,686 ", 22 ,"  6,471 ","  5,124 ","  5,041 ","  11,534 ","  1,920 ","  13,454 ","  1,232 ","  1,232 ",,, 76 ,0.092,$4.46 ,$13.00 , 2.91 ,,,,168.0,,47%,36%
,2014,114,14,"  90,600 ","  83,120 ",171.0,"  14,215 ","  1,232 ", 32 ,"  15,479 ",,"  6,601 ","  5,200 ","  5,280 ","  11,881 ","  1,867 ","  13,748 ","  1,731 ","  1,731 ",,, 230 ,0.126,$3.70 ,$10.10 , 2.73 ,,,,170.4,,46%,37%,37%,,2014,114,14,"  90,600 ","  83,120 ",171.0,"  14,215 ","  1,232 ", 32 ,"  15,479 ",,"  6,601 ","  5,200 ","  5,280 ","  11,881 ","  1,867 ","  13,748 ","  1,731 ","  1,731 ",,, 230 ,0.126,$3.70 ,$10.10 , 2.73 ,,,,170.4,,46%,37%,,,,2014,114,14,"  90,600 ","  83,120 ",171.0,14215.1824,"  1,232 ", 32 ,"  15,479 ",,"  6,601 ","  5,200 ","  5,280 ","  11,881 ","  1,867 ","  13,748 ","2,537","2,537",,, 230 ,0.126,$3.70 ,$10.10 , 2.73 ,,,,170.4,,46%,37%
,2015,115,15,"  88,000 ","  80,800 ",168.4,"  13,602 ","  1,731 ", 68 ,"  15,401 ",,"  6,648 ","  5,224 ","  5,114 ","  11,763 ","  1,901 ","  13,664 ","  1,737 ","  1,737 ",,,,0.127,$3.61 ,$8.95 , 2.48 ,,,,172.9,,49%,38%,38%,,2015,115,15,"  88,000 ","  80,800 ",168.4,"  13,611 ","  1,731 ", 68 ,"  15,401 ",,"  6,648 ","  5,224 ","  5,114 ","  11,763 ","  1,901 ","  13,664 ","  1,737 ","  1,737 ",,,,0.127,$3.61 ,$8.95 , 2.48 ,,,,172.9,,49%,38%,,,,2015,115,15,"  88,000 ","  80,800 ",168.4,13610.6792,"  1,731 ", 68 ,"  15,410 ",,"  6,648 ","  5,224 ","  5,114 ","  11,763 ","  1,901 ","  13,664 ",,,,,,0.127,$3.61 ,$8.95 , 2.48 ,,,,172.9,,49%,38%
,2016,116,16,"  94,000 ","  86,740 ",174.6,"  15,148 ","  1,737 ", 57 ,"  16,942 ",,"  6,885 ","  5,432 ","  5,470 ","  12,355 ","  2,294 ","  14,649 ","  2,293 ","  2,293 ",,,,0.157,$3.36 ,$9.47 , 2.82 ,,,,175.3,,45%,36%,36%,,2016,116,16,"  94,000 ","  86,740 ",174.6,"  15,148 ","  1,737 ", 57 ,"  16,942 ",,"  6,885 ","  5,432 ","  5,470 ","  12,355 ","  2,294 ","  14,649 ","  2,293 ","  2,293 ",,,,0.157,$3.36 ,$9.47 , 2.82 ,,,,175.3,,45%,36%,,,,2016,116,16,"  94,000 ","  86,740 ",174.6,15148.2736,"  1,737 ", 57 ,"  16,942 ",,"  6,885 ","  5,432 ","  5,470 ","  12,355 ","  2,294 ","  14,649 ","2,537",,,,,0.157,$3.36 ,$9.47 , 2.82 ,,,,175.3,,45%,36%
,2017,117,17,"  90,200 ","  82,700 ",176.6,"  14,609 ","  2,293 ", 36 ,"  16,934 ",,"  7,056 ","  5,605 ","  5,304 ","  12,360 ","  2,438 ","  14,799 ","  2,140 ",,,,,0.145,$3.36 ,$9.33 , 2.78 ,,,,177.8,,48%,36%,38%,,2017,117,17,"  90,200 ","  82,700 ",176.6,"  14,605 ","  2,293 ", 36 ,"  16,934 ",,"  7,056 ","  5,605 ","  5,304 ","  12,360 ","  2,438 ","  14,799 ","  2,140 ","  2,140 ",,,,0.145,$3.36 ,$9.33 , 2.78 ,,,,177.8,,48%,36%,,,,2017,117,17,"  90,200 ","  82,700 ",  176.6 ,14604.82,"  2,293 ", 36 ,"  16,934 ",,"  7,056 ","  5,605 ","  5,304 ","  12,360 ","  2,438 ","  14,799 ",,,,,,0.145,$3.36 ,$9.33 , 2.78 ,,,,177.8,,48%,36%
,2018,118,18,"  89,100 ","  81,700 ",176.4,"  14,420 ","  2,140 ", 35 ,"  16,595 ",,"  6,900 ","  5,450 ","  5,300 ","  12,200 ","  2,300 ","  14,500 ","  2,095 ",,,,,0.144,$3.50 ,$8.55 , 2.44 ,,,,180.2,,48%,37%,38%,,2018,118,18,"  89,100 ","  81,700 ",176.4,"  14,412 ","  2,140 ", 35 ,"  16,595 ",,"  6,900 ","  5,450 ","  5,300 ","  12,200 ","  2,300 ","  14,500 ","  2,095 ","  2,095 ",,,,0.144,$3.50 ,$8.55 , 2.44 ,,,,180.2,,48%,37%,,,,2018,118,18,"  89,100 ","  81,700 ",  176.4 ,14411.88,"  2,140 ", 35 ,"  16,587 ",,"  6,900 ","  5,450 ","  5,300 ","  12,200 ","  2,300 ","  14,500 ",,,,,,0.144,$3.50 ,$8.55 , 2.44 ,,,,180.2,,48%,37%
,2019,119,19,"  92,800 ","  85,400 ",176.0,"  15,030 ","  2,095 ", 35 ,"  17,160 ",,"  6,950 ","  5,500 ","  5,450 ","  12,400 ","  2,275 ","  14,675 ","  2,485 ",,,,,0.169,$3.30 ,$8.10 , 2.45 ,,,,182.7,,46%,36%,37%,,2019,119,19,"  92,800 ","  85,400 ",123.1,"  10,514 ","  2,095 ", 35 ,"  17,160 ",,"  6,950 ","  5,500 ","  5,450 ","  12,400 ","  2,275 ","  14,675 ","  2,485 ","  2,485 ",,,,0.169,$3.30 ,$8.10 , 2.45 ,,,,182.7,,46%,36%,,,,2019,119,19,"  92,800 ","  85,400 ",  176.6 ,15081.64,"  2,095 ", 35 ,"  17,212 ",,"  6,950 ","  5,500 ","  5,450 ","  12,400 ","  2,275 ","  14,675 ",,0,,,,0.169,$3.30 ,$8.10 , 2.45 ,,,,182.7,,46%,36%
,,,,,,,,,,,,,,,,,,,,,,,,,,,,,,,,,,,,,,,,,,,,,,,,,,,,,,,,,,,,,,,,,,,,,,,,,,,,,,,,,,,,,,,,,,,,,,,,,,,,,,,,
,,,,,,,,,,,,,,,,,,,,,,,,,,,,,,,,,,,,,,,,,,,,,,,,,,,,,,,,,,,,,,,,,,,,,,,,,,,,,,,,,,,,,,,,,,,,,,,,,,,,,,,,
,,,,,,,,,,,,,,,,,,,,,,,,,,,,,,,,,,,,,,,,,,,,,,,,,,,,,,,,,,,,,,,,,,,,,,,,,,,,,,,,,,,,,,,,,,,,,,,,,,,,,,,,
,,,,,,,,,,,,,,,,,,,,,,,,,,,,,,,,,,,,,,,,,,,,,,,,,,,,,,,,,,,,,,,,,,,,,,,,,,,,,,,,,,,,,,,,,,,,,,,,,,,,,,,,
,,,,,,,,,,,,,,,,,,,,,,,,,,,,,,,,,,,,,,,,,,,,,,,,,,,,,,,,,,,,,,,,,,,,,,,,,,,,,,,,,,,,,,,,,,,,,,,,,,,,,,,,
,,,,,,,,,,,,,,,,,,,,,,,,,,,,,,,,,,,,,,,,,,,,,,,,,,,,,,,,,,,,,,,,,,,,,,,,,,,,,,,,,,,,,,,,,,,,,,,,,,,,,,,,
,,,,,,,,,,,,,,,,,,,,,,,,,,,,,,,,,,,,,,,,,,,,,,,,,,,,,,,,,,,,,,,,,,,,,,,,,,,,,,,,,,,,,,,,,,,,,,,,,,,,,,,,
,,,,,,,,,,,,,,,,,,,,,,,,,,,,,,,,,,,,,,,,,,,,,,,,,,,,,,,,,,,,,,,,,,,,,,,,,,,,,,,,,,,,,,,,,,,,,,,,,,,,,,,,
,,,,,,,,,,,,,,,,,,,,,,,,,,,,,,,,,,,,,,,,,,,,,,,,,,,,,,,,,,,,,,,,,,,,,,,,,,,,,,,,,,,,,,,,,,,,,,,,,,,,,,,,
,,,,,,,,,,,,,,,,,,,,,,,,,,,,,,,,,,,,,,,,,,,,,,,,,,,,,,,,,,,,,,,,,,,,,,,,,,,,,,,,,,,,,,,,,,,,,,,,,,,,,,,,
,,,,,,,,,,,,,,,,,,,,,,,,,,,,,,,,,,,,,,,,,,,,,,,,,,,,,,,,,,,,,,,,,,,,,,,,,,,,,,,,,,,,,,,,,,,,,,,,,,,,,,,,
,,,,,,,,,,,,,,,,,,,,,,,,$2.15 ,,,,,,,,,,,,,,,,,,,,,,,,,,,,,,,,,,,,,,,,,,,,,,,,,,,,,,,,,,,,,,,,,,,,,,,,,,,,,,,,
,,,,,,,,,,,,,,,,,,,,,,,,,,,,,,,,,,,,,,,,,,,,,,,,,,,,,,,,,,,,,,,,,,,,,,,,,,,,,,,,,,,,,,,,,,,,,,,,,,,,,,,,
,,,,,,,,,,,,,,,,,,,,,,,,$3.62 ,,,,,,,,,,,,,,,,,,,,,,,,,,,,,,,,,,,,,,,,,,,,,,,,,,,,,,,,,,,,,,,,,,,,,,,,,,,,,,,,
,,,,,,,,,,,,,,,,,,,,,,,,1.680594243,,,,,,,,,,,,,,,,,,,,,,,,,,,,,,,,,,,,,,,,,,,,,,,,,,,,,,,,,,,,,,,,,,,,,,,,,,,,,,,,
,,,Trend Corn Yield Model (1996-2006),,,,,,,,,,,,,,,,,,,,,,,,,,,,,,,,,,,,,,,,,,,,,,,,,,,,,,,,,,,,,,,,,,,,,,,,,,,,,,,,,,,,,,,,,,,,,,,,,,,,,
,,,SUMMARY OUTPUT,,,,,,,,,,,,,,,,,,,,,,,,,,,,,,,,,,,,,,,,,,,,,,,,,,,,,,,,,,,,,,,,,,,,,,,,,,,,,,,,,,,,,,,,,,,,,,,,,,,,,
,,,,,,,,,,,,,,,,,,,,,,,SUMMARY OUTPUT,,,,,,,,,,,,,,,,,,,,,,,,,,,,,,,,,,,,,,,,,,,,,,,,,,,,,,,,,,,,,,,,,,,,,,,,,,,,,,,,,
,,,Regression Statistics,,,,,,,,,,,,,,,,,,,,,,,,,,,,,,,,,,,,,,,,,,,,,,,,,,,,,,,,,,,,,,,,,,,,,,,,,,,,,,,,,,,,,,,,,,,,,,,,,,,,,
,,,Multiple R,0.8156936188,,,,,,,,,,,,,,,,,,,Regression Statistics,,,,,,,,,,,,,,,,,,,,,,,,,,,,,,,,,,,,,,,,,,,,,,,,,,,,,,,,,,,,,,,,,,,,,,,,,,,,,,,,,
,,,R Square,0.6653560797,,,,,,,,,,,,,,,,,,,Multiple R,0.601717179,,,,,,,,,,,,,,,,,,,,,,,,,,,,,,,,,,,,,,,,,,,,,,,,,,,,,,,,,,,,,,,,,,,,,,,,,,,,,,,,
,,,Adjusted R Square,0.6281734219,,,,,,,,,,,,,,,,,,,R Square,0.3620635635,,,,,,,,,,,,,,,,,,,,,,,,,,,,,,,,,,,,,,,,,,,,,,,,,,,,,,,,,,,,,,,,,,,,,,,,,,,,,,,,
,,,Standard Error,6.364002584,,,,,,,,,,,,,,,,,,,Adjusted R Square,0.331685638,,,,,,,,,,,,,,,,,,,,,,,,,,,,,,,,,,,,,,,,,,,,,,,,,,,,,,,,,,,,,,,,,,,,,,,,,,,,,,,,
,,,Observations,11,,,,,,,,,,,,,,,,,,,Standard Error,0.3385376261,,,,,,,,,,,,,,,,,,,,,,,,,,,,,,,,,,,,,,,,,,,,,,,,,,,,,,,,,,,,,,,,,,,,,,,,,,,,,,,,
,,,,,,,,,,,,,,,,,,,,,,,Observations,23,,,,,,,,,,,,,,,,,,,,,,,,,,,,,,,,,,,,,,,,,,,,,,,,,,,,,,,,,,,,,,,,,,,,,,,,,,,,,,,,
,,,ANOVA,,,,,,,,,,,,,,,,,,,,,,,,,,,,,,,,,,,,,,,,,,,,,,,,,,,,,,,,,,,,,,,,,,,,,,,,,,,,,,,,,,,,,,,,,,,,,,,,,,,,,
,,,,df,SS,MS,F,Significance F,,,,,,,,,,,,,,,ANOVA,,,,,,,,,,,,,,,,,,,,,,,,,,,,,,,,,,,,,,,,,,,,,,,,,,,,,,,,,,,,,,,,,,,,,,,,,,,,,,,,,
,,,Regression,1,724.7269215,724.7269215,17.89425821,0.002206090926,,,,,,,,,,,,,,,,df,,,SS,MS,F,Significance F,,,,,,,,,,,,,,,,,,,,,,,,,,,,,,,,,,,,,,,,,,,,,,,,,,,,,,,,,,,,,,,,,,,,,,,,,,
,,,Residual,9,364.50476,40.50052889,,,,,,,,,,,,,,,,,Regression,1,,,1.365968225,1.365968225,11.91864016,0.002385744279,,,,,,,,,,,,,,,,,,,,,,,,,,,,,,,,,,,,,,,,,,,,,,,,,,,,,,,,,,,,,,,,,,,,,,,,,,
,,,Total,10,1089.231681,,,,,,,,,,,,,,,,,,Residual,21,,,2.406762209,0.1146077243,,,,,,,,,,,,,,,,,,,,,,,,,,,,,,,,,,,,,,,,,,,,,,,,,,,,,,,,,,,,,,,,,,,,,,,,,,,,
,,,,,,,,,,,,,,,,,,,,,,,Total,22,,,3.772730435,,,,,,,,,,,,,,,,,,,,,,,,,,,,,,,,,,,,,,,,,,,,,,,,,,,,,,,,,,,,,,,,,,,,,,,,,,,,,
,,,,Coefficients,Standard Error,t Stat,P-value,Lower 95%,Upper 95%,Lower 95.0%,Upper 95.0%,,,,,,,,,,,,,,,,,,,,,,,,,,,,,,,,,,,,,,,,,,,,,,,,,,,,,,,,,,,,,,,,,,,,,,,,,,,,,,,,,,,,,,,,,,,,,
,,,Intercept,-4997.414918,1214.175976,-4.115890131,0.002613924355,-7744.071794,-2250.758042,-7744.071794,-2250.758042,,,,,,,,,,,,,Coefficients,,,Standard Error,t Stat,P-value,Lower 95%,Upper 95%,Lower 95.0%,Upper 95.0%,,,,,,,,,,,,,,,,,,,,,,,,,,,,,,,,,,,,,,,,,,,,,,,,,,,,,,,,,,,,,,,,,,,,,,,
,,,X Variable 1,2.566793049,0.6067838381,4.230160542,0.002206090926,1.194152647,3.939433452,1.194152647,3.939433452,,,,,,,,,,,,Intercept,2.814352143,,,0.1273881962,22.09272308,0,2.54943384,3.079270445,2.54943384,3.079270445,,,,,,,,,,,,,,,,,,,,,,,,,,,,,,,,,,,,,,,,,,,,,,,,,,,,,,,,,,,,,,,,,,,,,,,
,,,,,,,,,,,,,,,,,,,,,,,X Variable 1,-1.449804878,,,0.4199486626,-3.452338362,0.002385744279,-2.323136082,-0.5764736737,-2.323136082,-0.5764736737,,,,,,,,,,,,,,,,,,,,,,,,,,,,,,,,,,,,,,,,,,,,,,,,,,,,,,,,,,,,,,,,,,,,,,,
,,,,,,,,,,,,,,,,,,,,,,,,,,,,,,,,,,,,,,,,,,,,,,,,,,,,,,,,,,,,,,,,,,,,,,,,,,,,,,,,,,,,,,,,,,,,,,,,,,,,,,,,
,,,,,,,,,,,,,,,,,,,,,,,,,,,,,,,,,,,,,,,,,,,,,,,,,,,,,,,,,,,,,,,,,,,,,,,,,,,,,,,,,,,,,,,,,,,,,,,,,,,,,,,,
,,,,,,,,,,,,,,,,,,,,,,,,,,,,,,,,,,,,,,,,,,,,,,,,,,,,,,,,,,,,,,,,,,,,,,,,,,,,,,,,,,,,,,,,,,,,,,,,,,,,,,,,
,,,,,,,,,,,,,,,,,,,,,,,RESIDUAL OUTPUT,,,,,,,,,,,,,,,,,,,,,,,,,,,,,,,,,,,,,,,,,,,,,,,,,,,,,,,,,,,,,,,,,,,,,,,,,,,,,,,,,
,,,,,,,,,,,,,,,,,,,,,,,,,,,,,,,,,,,,,,,,,,,,,,,,,,,,,,,,,,,,,,,,,,,,,,,,,,,,,,,,,,,,,,,,,,,,,,,,,,,,,,,,
,,,,,,,,,,,,,,,,,,,,,,,Observation,Predicted Y,,,Residuals,,,,,,,,,,,,,,,,,,,,,,,,,,,,,,,,,,,,,,,,,,,,,,,,,,,,,,,,,,,,,,,,,,,,,,,,,,,,,
,,,Trend Corn Yield Model (1996-2007),,,,,,,,,,,,,,,,,,,,1.000,2.69533831,,,-0.1453383096,,,,,,,,,,,,,,,,,,,,,,,,,,,,,,,,,,,,,,,,,,,,,,,,,,,,,,,,,,,,,,,,,,,,,,,,,,,,,
,,,SUMMARY OUTPUT,,,,,,,,,,,,,,,,,,,,2.000,2.705902172,,,0.3140978284,,,,,,,,,,,,,,,,,,,,,,,,,,,,,,,,,,,,,,,,,,,,,,,,,,,,,,,,,,,,,,,,,,,,,,,,,,,,,
,,,,,,,,,,,,,,,,,,,,,,,3.000,2.654966623,,,-0.114966623,,,,,,,,,,,,,,,,,,,,,,,,,,,,,,,,,,,,,,,,,,,,,,,,,,,,,,,,,,,,,,,,,,,,,,,,,,,,,
,,,Regression Statistics,,,,,,,,,,,,,,,,,,,,4.000,2.53010123,,,-0.3801012296,,,,,,,,,,,,,,,,,,,,,,,,,,,,,,,,,,,,,,,,,,,,,,,,,,,,,,,,,,,,,,,,,,,,,,,,,,,,,
,,,Multiple R,0.8358200496,,,,,,,,,,,,,,,,,,,5.000,2.47893732,,,-0.4289373201,,,,,,,,,,,,,,,,,,,,,,,,,,,,,,,,,,,,,,,,,,,,,,,,,,,,,,,,,,,,,,,,,,,,,,,,,,,,,
,,,R Square,0.6985951553,,,,,,,,,,,,,,,,,,,6.000,2.459932366,,,-0.2099323656,,,,,,,,,,,,,,,,,,,,,,,,,,,,,,,,,,,,,,,,,,,,,,,,,,,,,,,,,,,,,,,,,,,,,,,,,,,,,
,,,Adjusted R Square,0.6684546708,,,,,,,,,,,,,,,,,,,7.000,2.426593678,,,0.05340632159,,,,,,,,,,,,,,,,,,,,,,,,,,,,,,,,,,,,,,,,,,,,,,,,,,,,,,,,,,,,,,,,,,,,,,,,,,,,,
,,,Standard Error,6.089552526,,,,,,,,,,,,,,,,,,,8.000,2.537013747,,,0.5829862525,,,,,,,,,,,,,,,,,,,,,,,,,,,,,,,,,,,,,,,,,,,,,,,,,,,,,,,,,,,,,,,,,,,,,,,,,,,,,
,,,Observations,12,,,,,,,,,,,,,,,,,,,9.000,2.287018096,,,0.1829819038,,,,,,,,,,,,,,,,,,,,,,,,,,,,,,,,,,,,,,,,,,,,,,,,,,,,,,,,,,,,,,,,,,,,,,,,,,,,,
,,,,,,,,,,,,,,,,,,,,,,,10.000,2.109549771,,,0.4404502286,,,,,,,,,,,,,,,,,,,,,,,,,,,,,,,,,,,,,,,,,,,,,,,,,,,,,,,,,,,,,,,,,,,,,,,,,,,,,
,,,ANOVA,,,,,,,,,,,,,,,,,,,,11.000,2.596188139,,,0.6138118608,,,,,,,,,,,,,,,,,,,,,,,,,,,,,,,,,,,,,,,,,,,,,,,,,,,,,,,,,,,,,,,,,,,,,,,,,,,,,
,,,,df,SS,MS,F,Significance F,,,,,,,,,,,,,,,12.000,2.474579896,,,0.1554201039,,,,,,,,,,,,,,,,,,,,,,,,,,,,,,,,,,,,,,,,,,,,,,,,,,,,,,,,,,,,,,,,,,,,,,,,,,,,,
,,,Regression,1,859.5004383,859.5004383,23.17796703,0.0007082047228,,,,,,,,,,,,,,,13.000,1.91263334,,,0.3173666595,,,,,,,,,,,,,,,,,,,,,,,,,,,,,,,,,,,,,,,,,,,,,,,,,,,,,,,,,,,,,,,,,,,,,,,,,,,,,
,,,Residual,10,370.8264996,37.08264996,,,,,,,,,,,,,,,,,14.000,1.855780028,,,-0.3557800283,,,,,,,,,,,,,,,,,,,,,,,,,,,,,,,,,,,,,,,,,,,,,,,,,,,,,,,,,,,,,,,,,,,,,,,,,,,,,
,,,Total,11,1230.326938,,,,,,,,,,,,,,,,,,15.000,2.018277125,,,-0.07827712452,,,,,,,,,,,,,,,,,,,,,,,,,,,,,,,,,,,,,,,,,,,,,,,,,,,,,,,,,,,,,,,,,,,,,,,,,,,,,
,,,,,,,,,,,,,,,,,,,,,,,16.000,2.4287997,,,0.1112002996,,,,,,,,,,,,,,,,,,,,,,,,,,,,,,,,,,,,,,,,,,,,,,,,,,,,,,,,,,,,,,,,,,,,,,,,,,,,,
,,,,Coefficients,Standard Error,t Stat,P-value,Lower 95%,Upper 95%,Lower 95.0%,Upper 95.0%,,,,,,,,,,,,17.000,2.57293488,,,-0.2129348805,,,,,,,,,,,,,,,,,,,,,,,,,,,,,,,,,,,,,,,,,,,,,,,,,,,,,,,,,,,,,,,,,,,,,,,,,,,,,
,,,Intercept,-4767.166784,1019.233296,-4.677208647,0.0008712035411,-7038.16008,-2496.173489,-7038.16008,-2496.173489,,,,,,,,,,,,18.000,2.530401104,,,-0.2504011044,,,,,,,,,,,,,,,,,,,,,,,,,,,,,,,,,,,,,,,,,,,,,,,,,,,,,,,,,,,,,,,,,,,,,,,,,,,,,
,,,X Variable 1,2.451630595,0.5092339644,4.814350115,0.0007082047228,1.316986619,3.586274571,1.316986619,3.586274571,,,,,,,,,,,,19.000,2.612931645,,,-0.2429316449,,,,,,,,,,,,,,,,,,,,,,,,,,,,,,,,,,,,,,,,,,,,,,,,,,,,,,,,,,,,,,,,,,,,,,,,,,,,,
,,,,,,,,,,,,,,,,,,,,,,,20.000,2.453620503,,,-0.3836205031,,,,,,,,,,,,,,,,,,,,,,,,,,,,,,,,,,,,,,,,,,,,,,,,,,,,,,,,,,,,,,,,,,,,,,,,,,,,,
,,,,,,,,,,,,,,,,,,,,,,,21.000,2.652539078,,,-0.1525390779,,,,,,,,,,,,,,,,,,,,,,,,,,,,,,,,,,,,,,,,,,,,,,,,,,,,,,,,,,,,,,,,,,,,,,,,,,,,,
,,,,,,,,,,,,,,,,,,,,,,,22.000,2.574111427,,,-0.3141114269,,,,,,,,,,,,,,,,,,,,,,,,,,,,,,,,,,,,,,,,,,,,,,,,,,,,,,,,,,,,,,,,,,,,,,,,,,,,,
,,,Trend Corn Yield Model (1976-2007),,,,,,,,,,,,,,,,,,,,23.000,2.74184982,,,0.4981501799,,,,,,,,,,,,,,,,,,,,,,,,,,,,,,,,,,,,,,,,,,,,,,,,,,,,,,,,,,,,,,,,,,,,,,,,,,,,,
,,,SUMMARY OUTPUT,,,,,,,,,,,,,,,,,,,,,,,,,,,,,,,,,,,,,,,,,,,,,,,,,,,,,,,,,,,,,,,,,,,,,,,,,,,,,,,,,,,,,,,,,,,,,,,,,,,,,
,,,,,,,,,,,,,,,,,,,,,,,,,,,,,,,,,,,,,,,,,,,,,,,,,,,,,,,,,,,,,,,,,,,,,,,,,,,,,,,,,,,,,,,,,,,,,,,,,,,,,,,,
,,,Regression Statistics,,,,,,,,,,,,,,,,,,,,,,,,,,,,,,,,,,,,,,,,,,,,,,,,,,,,,,,,,,,,,,,,,,,,,,,,,,,,,,,,,,,,,,,,,,,,,,,,,,,,,
,,,Multiple R,0.8531173139,,,,,,,,,,,,,,,,,,,,,,,,,,,,,,,,,,,,,,,,,,,,,,,,,,,,,,,,,,,,,,,,,,,,,,,,,,,,,,,,,,,,,,,,,,,,,,,,,,,,
,,,R Square,0.7278091512,,,,,,,,,,,,,,,,,,,,,,,,,,,,,,,,,,,,,,,,,,,,,,,,,,,,,,,,,,,,,,,,,,,,,,,,,,,,,,,,,,,,,,,,,,,,,,,,,,,,
,,,Adjusted R Square,0.7187361229,,,,,,,,,,,,,,,,,,,,,,,,,,,,,,,,,,,,,,,,,,,,,,,,,,,,,,,,,,,,,,,,,,,,,,,,,,,,,,,,,,,,,,,,,,,,,,,,,,,,
,,,Standard Error,10.97102696,,,,,,,,,,,,,,,,,,,,,,,,,,,,,,,,,,,,,,,,,,,,,,,,,,,,,,,,,,,,,,,,,,,,,,,,,,,,,,,,,,,,,,,,,,,,,,,,,,,,
,,,Observations,32,,,,,,,,,,,,,,,,,,,,,,,,,,,,,,,,,,,,,,,,,,,,,,,,,,,,,,,,,,,,,,,,,,,,,,,,,,,,,,,,,,,,,,,,,,,,,,,,,,,,
,,,,,,,,,,,,,,,,,,,,,,,,,,,,,,,,,,,,,,,,,,,,,,,,,,,,,,,,,,,,,,,,,,,,,,,,,,,,,,,,,,,,,,,,,,,,,,,,,,,,,,,,
,,,ANOVA,,,,,,,,,,,,,,,,,,,,,,,,,,,,,,,,,,,,,,,,,,,,,,,,,,,,,,,,,,,,,,,,,,,,,,,,,,,,,,,,,,,,,,,,,,,,,,,,,,,,,
,,,,df,SS,MS,F,Significance F,,,,,,,,,,,,,,,,,,,,,,,,,,,,,,,,,,,,,,,,,,,,,,,,,,,,,,,,,,,,,,,,,,,,,,,,,,,,,,,,,,,,,,,,,,,,,,,,
,,,Regression,1,9655.167483,9655.167483,80.21678405,0.000000000558355367,,,,,,,,,,,,,,,,,,,,,,,,,,,,,,,,,,,,,,,,,,,,,,,,,,,,,,,,,,,,,,,,,,,,,,,,,,,,,,,,,,,,,,,,,,,,,,,,
,,,Residual,30,3610.902979,120.3634326,,,,,,,,,,,,,,,,,,,,,,,,,,,,,,,,,,,,,,,,,,,,,,,,,,,,,,,,,,,,,,,,,,,,,,,,,,,,,,,,,,,,,,,,,,,,,,,,,,
,,,Total,31,13266.07046,,,,,,,,,,,,,,,,,,,,,,,,,,,,,,,,,,,,,,,,,,,,,,,,,,,,,,,,,,,,,,,,,,,,,,,,,,,,,,,,,,,,,,,,,,,,,,,,,,,
,,,,,,,,,,,,,,,,,,,,,,,,,,,,,,,,,,,,,,,,,,,,,,,,,,,,,,,,,,,,,,,,,,,,,,,,,,,,,,,,,,,,,,,,,,,,,,,,,,,,,,,,
,,,,Coefficients,Standard Error,t Stat,P-value,Lower 95%,Upper 95%,Lower 95.0%,Upper 95.0%,,,,,,,,,,,,,,,,,,,,,,,,,,,,,,,,,,,,,,,,,,,,,,,,,,,,,,,,,,,,,,,,,,,,,,,,,,,,,,,,,,,,,,,,,,,,,
,,,Intercept,-3626.697178,418.3213955,-8.669643046,0.000000001138452887,-4481.023439,-2772.370917,-4481.023439,-2772.370917,,,,,,,,,,,,,,,,,,,,,,,,,,,,,,,,,,,,,,,,,,,,,,,,,,,,,,,,,,,,,,,,,,,,,,,,,,,,,,,,,,,,,,,,,,,,,
,,,X Variable 1,1.881298559,0.2100511673,8.956382308,0.000000000558355367,1.452316847,2.310280271,1.452316847,2.310280271,,,,,,,,,,,,,,,,,,,,,,,,,,,,,,,,,,,,,,,,,,,,,,,,,,,,,,,,,,,,,,,,,,,,,,,,,,,,,,,,,,,,,,,,,,,,,
,,,,,,,,,,,,,,,,,,,,,,,,,,,,,,,,,,,,,,,,,,,,,,,,,,,,,,,,,,,,,,,,,,,,,,,,,,,,,,,,,,,,,,,,,,,,,,,,,,,,,,,,
,,,,149.06903,,,,,,,,,,,,,,,,,,,,,,,,,,,,,,,,,,,,,,,,,,,,,,,,,,,,,,,,,,,,,,,,,,,,,,,,,,,,,,,,,,,,,,,,,,,,,,,,,,,,
,,,,,,,,,,,,,,,,,,,,,,,,,,,,,,,,,,,,,,,,,,,,,,,,,,,,,,,,,,,,,,,,,,,,,,,,,,,,,,,,,,,,,,,,,,,,,,,,,,,,,,,,
,,,Trend Corn Yield Model (1976-1995),,,,,,,,,,,,,,,,,,,,,,,,,,,,,,,,,,,,,,,,,,,,,,,,,,,,,,,,,,,,,,,,,,,,,,,,,,,,,,,,,,,,,,,,,,,,,,,,,,,,,
,,,SUMMARY OUTPUT,,,,,,,,,,,,,,,,,,,,,,,,,,,,,,,,,,,,,,,,,,,,,,,,,,,,,,,,,,,,,,,,,,,,,,,,,,,,,,,,,,,,,,,,,,,,,,,,,,,,,
,,,,,,,,,,,,,,,,,,,,,,,,,,,,,,,,,,,,,,,,,,,,,,,,,,,,,,,,,,,,,,,,,,,,,,,,,,,,,,,,,,,,,,,,,,,,,,,,,,,,,,,,
,,,Regression Statistics,,,,,,,,,,,,,,,,,,,,,,,,,,,,,,,,,,,,,,,,,,,,,,,,,,,,,,,,,,,,,,,,,,,,,,,,,,,,,,,,,,,,,,,,,,,,,,,,,,,,,
,,,Multiple R,0.5619879559,,,,,,,,,,,,,,,,,,,,,,,,,,,,,,,,,,,,,,,,,,,,,,,,,,,,,,,,,,,,,,,,,,,,,,,,,,,,,,,,,,,,,,,,,,,,,,,,,,,,
,,,R Square,0.3158304626,,,,,,,,,,,,,,,,,,,,,,,,,,,,,,,,,,,,,,,,,,,,,,,,,,,,,,,,,,,,,,,,,,,,,,,,,,,,,,,,,,,,,,,,,,,,,,,,,,,,
,,,Adjusted R Square,0.2778210439,,,,,,,,,,,,,,,,,,,,,,,,,,,,,,,,,,,,,,,,,,,,,,,,,,,,,,,,,,,,,,,,,,,,,,,,,,,,,,,,,,,,,,,,,,,,,,,,,,,,
,,,Standard Error,13.02099219,,,,,,,,,,,,,,,,,,,,,,,,,,,,,,,,,,,,,,,,,,,,,,,,,,,,,,,,,,,,,,,,,,,,,,,,,,,,,,,,,,,,,,,,,,,,,,,,,,,,
,,,Observations,20,,,,,,,,,,,,,,,,,,,,,,,,,,,,,,,,,,,,,,,,,,,,,,,,,,,,,,,,,,,,,,,,,,,,,,,,,,,,,,,,,,,,,,,,,,,,,,,,,,,,
,,,,,,,,,,,,,,,,,,,,,,,,,,,,,,,,,,,,,,,,,,,,,,,,,,,,,,,,,,,,,,,,,,,,,,,,,,,,,,,,,,,,,,,,,,,,,,,,,,,,,,,,
,,,ANOVA,,,,,,,,,,,,,,,,,,,,,,,,,,,,,,,,,,,,,,,,,,,,,,,,,,,,,,,,,,,,,,,,,,,,,,,,,,,,,,,,,,,,,,,,,,,,,,,,,,,,,
,,,,df,SS,MS,F,Significance F,,,,,,,,,,,,,,,,,,,,,,,,,,,,,,,,,,,,,,,,,,,,,,,,,,,,,,,,,,,,,,,,,,,,,,,,,,,,,,,,,,,,,,,,,,,,,,,,
,,,Regression,1,1408.805196,1408.805196,8.309268415,0.009911119301,,,,,,,,,,,,,,,,,,,,,,,,,,,,,,,,,,,,,,,,,,,,,,,,,,,,,,,,,,,,,,,,,,,,,,,,,,,,,,,,,,,,,,,,,,,,,,,,
,,,Residual,18,3051.832275,169.5462375,,,,,,,,,,,,,,,,,,,,,,,,,,,,,,,,,,,,,,,,,,,,,,,,,,,,,,,,,,,,,,,,,,,,,,,,,,,,,,,,,,,,,,,,,,,,,,,,,,
,,,Total,19,4460.637472,,,,,,,,,,,,,,,,,,,,,,,,,,,,,,,,,,,,,,,,,,,,,,,,,,,,,,,,,,,,,,,,,,,,,,,,,,,,,,,,,,,,,,,,,,,,,,,,,,,
,,,,,,,,,,,,,,,,,,,,,,,,,,,,,,,,,,,,,,,,,,,,,,,,,,,,,,,,,,,,,,,,,,,,,,,,,,,,,,,,,,,,,,,,,,,,,,,,,,,,,,,,
,,,,Coefficients,Standard Error,t Stat,P-value,Lower 95%,Upper 95%,Lower 95.0%,Upper 95.0%,,,,,,,,,,,,,,,,,,,,,,,,,,,,,,,,,,,,,,,,,,,,,,,,,,,,,,,,,,,,,,,,,,,,,,,,,,,,,,,,,,,,,,,,,,,,,
,,,Intercept,-2781.920354,1002.547547,-2.774851291,0.01249138271,-4888.194588,-675.6461202,-4888.194588,-675.6461202,,,,,,,,,,,,,,,,,,,,,,,,,,,,,,,,,,,,,,,,,,,,,,,,,,,,,,,,,,,,,,,,,,,,,,,,,,,,,,,,,,,,,,,,,,,,,
,,,X Variable 1,1.455508177,0.5049324194,2.882580166,0.009911119301,0.3946845304,2.516331825,0.3946845304,2.516331825,,,,,,,,,,,,,,,,,,,,,,,,,,,,,,,,,,,,,,,,,,,,,,,,,,,,,,,,,,,,,,,,,,,,,,,,,,,,,,,,,,,,,,,,,,,,,